id,name,group,course,grade,averageGrade
1,Студент 1,ББМО-01-23,4,5,5.1
2,Студент 2,ББМО-01-23,3,4,4.4
5,Студент 5,ББМО-01-23,4,5,5.4
6,Студент 6,ББМО-01-23,3,4,3.8
9,Студент 9,ББМО-01-23,4,5,4.8
10,Студент 10,ББМО-01-23,3,4,4.1
13,Студент 13,ББМО-01-23,4,5,5.1
14,Студент 14,ББМО-01-23,3,4,4.4
17,Студент 17,ББМО-01-23,4,5,5.4
18,Студент 18,ББМО-01-23,3,4,3.8
21,Студент 21,ББМО-01-23,4,5,4.8
22,Студент 22,ББМО-01-23,3,4,4.1
25,Студент 25,ББМО-01-23,4,5,5.1
26,Студент 26,ББМО-01-23,3,4,4.4
29,Студент 29,ББМО-01-23,4,5,5.4
30,Студент 30,ББМО-01-23,3,4,3.8
33,Студент 33,ББМО-01-23,4,5,4.8
34,Студент 34,ББМО-01-23,3,4,4.1
37,Студент 37,ББМО-01-23,4,5,5.1
38,Студент 38,ББМО-01-23,3,4,4.4
41,Студент 41,ББМО-01-23,4,5,5.4
42,Студент 42,ББМО-01-23,3,4,3.8
45,Студент 45,ББМО-01-23,4,5,4.8
46,Студент 46,ББМО-01-23,3,4,4.1
49,Студент 49,ББМО-01-23,4,5,5.1
50,Студент 50,ББМО-01-23,3,4,4.4
53,Студент 53,ББМО-01-23,4,5,5.4
54,Студент 54,ББМО-01-23,3,4,3.8
57,Студент 57,ББМО-01-23,4,5,4.8
58,Студент 58,ББМО-01-23,3,4,4.1
61,Студент 61,ББМО-01-23,4,5,5.1
62,Студент 62,ББМО-01-23,3,4,4.4
65,Студент 65,ББМО-01-23,4,5,5.4
66,Студент 66,ББМО-01-23,3,4,3.8
69,Студент 69,ББМО-01-23,4,5,4.8
70,Студент 70,ББМО-01-23,3,4,4.1
73,Студент 73,ББМО-01-23,4,5,5.1
74,Студент 74,ББМО-01-23,3,4,4.4
77,Студент 77,ББМО-01-23,4,5,5.4
78,Студент 78,ББМО-01-23,3,4,3.8
81,Студент 81,ББМО-01-23,4,5,4.8
82,Студент 82,ББМО-01-23,3,4,4.1
85,Студент 85,ББМО-01-23,4,5,5.1
86,Студент 86,ББМО-01-23,3,4,4.4
89,Студент 89,ББМО-01-23,4,5,5.4
90,Студент 90,ББМО-01-23,3,4,3.8
93,Студент 93,ББМО-01-23,4,5,4.8
94,Студент 94,ББМО-01-23,3,4,4.1
97,Студент 97,ББМО-01-23,4,5,5.1
98,Студент 98,ББМО-01-23,3,4,4.4
101,Студент 101,ББМО-01-23,4,5,5.4
102,Студент 102,ББМО-01-23,3,4,3.8
105,Студент 105,ББМО-01-23,4,5,4.8
106,Студент 106,ББМО-01-23,3,4,4.1
109,Студент 109,ББМО-01-23,4,5,5.1
110,Студент 110,ББМО-01-23,3,4,4.4
113,Студент 113,ББМО-01-23,4,5,5.4
114,Студент 114,ББМО-01-23,3,4,3.8
117,Студент 117,ББМО-01-23,4,5,4.8
118,Студент 118,ББМО-01-23,3,4,4.1
121,Студент 121,ББМО-01-23,4,5,5.1
122,Студент 122,ББМО-01-23,3,4,4.4
125,Студент 125,ББМО-01-23,4,5,5.4
126,Студент 126,ББМО-01-23,3,4,3.8
129,Студент 129,ББМО-01-23,4,5,4.8
130,Студент 130,ББМО-01-23,3,4,4.1
133,Студент 133,ББМО-01-23,4,5,5.1
134,Студент 134,ББМО-01-23,3,4,4.4
137,Студент 137,ББМО-01-23,4,5,5.4
138,Студент 138,ББМО-01-23,3,4,3.8
141,Студент 141,ББМО-01-23,4,5,4.8
142,Студент 142,ББМО-01-23,3,4,4.1
145,Студент 145,ББМО-01-23,4,5,5.1
146,Студент 146,ББМО-01-23,3,4,4.4
149,Студент 149,ББМО-01-23,4,5,5.4
150,Студент 150,ББМО-01-23,3,4,3.8
153,Студент 153,ББМО-01-23,4,5,4.8
154,Студент 154,ББМО-01-23,3,4,4.1
157,Студент 157,ББМО-01-23,4,5,5.1
158,Студент 158,ББМО-01-23,3,4,4.4
161,Студент 161,ББМО-01-23,4,5,5.4
162,Студент 162,ББМО-01-23,3,4,3.8
165,Студент 165,ББМО-01-23,4,5,4.8
166,Студент 166,ББМО-01-23,3,4,4.1
169,Студент 169,ББМО-01-23,4,5,5.1
170,Студент 170,ББМО-01-23,3,4,4.4
173,Студент 173,ББМО-01-23,4,5,5.4
174,Студент 174,ББМО-01-23,3,4,3.8
177,Студент 177,ББМО-01-23,4,5,4.8
178,Студент 178,ББМО-01-23,3,4,4.1
181,Студент 181,ББМО-01-23,4,5,5.1
182,Студент 182,ББМО-01-23,3,4,4.4
185,Студент 185,ББМО-01-23,4,5,5.4
186,Студент 186,ББМО-01-23,3,4,3.8
189,Студент 189,ББМО-01-23,4,5,4.8
190,Студент 190,ББМО-01-23,3,4,4.1
193,Студент 193,ББМО-01-23,4,5,5.1
194,Студент 194,ББМО-01-23,3,4,4.4
197,Студент 197,ББМО-01-23,4,5,5.4
198,Студент 198,ББМО-01-23,3,4,3.8
201,Студент 201,ББМО-01-23,4,5,4.8
202,Студент 202,ББМО-01-23,3,4,4.1
205,Студент 205,ББМО-01-23,4,5,5.1
206,Студент 206,ББМО-01-23,3,4,4.4
209,Студент 209,ББМО-01-23,4,5,5.4
210,Студент 210,ББМО-01-23,3,4,3.8
213,Студент 213,ББМО-01-23,4,5,4.8
214,Студент 214,ББМО-01-23,3,4,4.1
217,Студент 217,ББМО-01-23,4,5,5.1
218,Студент 218,ББМО-01-23,3,4,4.4
221,Студент 221,ББМО-01-23,4,5,5.4
222,Студент 222,ББМО-01-23,3,4,3.8
225,Студент 225,ББМО-01-23,4,5,4.8
226,Студент 226,ББМО-01-23,3,4,4.1
229,Студент 229,ББМО-01-23,4,5,5.1
230,Студент 230,ББМО-01-23,3,4,4.4
233,Студент 233,ББМО-01-23,4,5,5.4
234,Студент 234,ББМО-01-23,3,4,3.8
237,Студент 237,ББМО-01-23,4,5,4.8
238,Студент 238,ББМО-01-23,3,4,4.1
241,Студент 241,ББМО-01-23,4,5,5.1
242,Студент 242,ББМО-01-23,3,4,4.4
245,Студент 245,ББМО-01-23,4,5,5.4
246,Студент 246,ББМО-01-23,3,4,3.8
249,Студент 249,ББМО-01-23,4,5,4.8
250,Студент 250,ББМО-01-23,3,4,4.1
253,Студент 253,ББМО-01-23,4,5,5.1
254,Студент 254,ББМО-01-23,3,4,4.4
257,Студент 257,ББМО-01-23,4,5,5.4
258,Студент 258,ББМО-01-23,3,4,3.8
261,Студент 261,ББМО-01-23,4,5,4.8
262,Студент 262,ББМО-01-23,3,4,4.1
265,Студент 265,ББМО-01-23,4,5,5.1
266,Студент 266,ББМО-01-23,3,4,4.4
269,Студент 269,ББМО-01-23,4,5,5.4
270,Студент 270,ББМО-01-23,3,4,3.8
273,Студент 273,ББМО-01-23,4,5,4.8
274,Студент 274,ББМО-01-23,3,4,4.1
277,Студент 277,ББМО-01-23,4,5,5.1
278,Студент 278,ББМО-01-23,3,4,4.4
281,Студент 281,ББМО-01-23,4,5,5.4
282,Студент 282,ББМО-01-23,3,4,3.8
285,Студент 285,ББМО-01-23,4,5,4.8
286,Студент 286,ББМО-01-23,3,4,4.1
289,Студент 289,ББМО-01-23,4,5,5.1
290,Студент 290,ББМО-01-23,3,4,4.4
293,Студент 293,ББМО-01-23,4,5,5.4
294,Студент 294,ББМО-01-23,3,4,3.8
297,Студент 297,ББМО-01-23,4,5,4.8
298,Студент 298,ББМО-01-23,3,4,4.1
301,Студент 301,ББМО-01-23,4,5,5.1
302,Студент 302,ББМО-01-23,3,4,4.4
305,Студент 305,ББМО-01-23,4,5,5.4
306,Студент 306,ББМО-01-23,3,4,3.8
309,Студент 309,ББМО-01-23,4,5,4.8
310,Студент 310,ББМО-01-23,3,4,4.1
313,Студент 313,ББМО-01-23,4,5,5.1
314,Студент 314,ББМО-01-23,3,4,4.4
317,Студент 317,ББМО-01-23,4,5,5.4
318,Студент 318,ББМО-01-23,3,4,3.8
321,Студент 321,ББМО-01-23,4,5,4.8
322,Студент 322,ББМО-01-23,3,4,4.1
325,Студент 325,ББМО-01-23,4,5,5.1
326,Студент 326,ББМО-01-23,3,4,4.4
329,Студент 329,ББМО-01-23,4,5,5.4
330,Студент 330,ББМО-01-23,3,4,3.8
333,Студент 333,ББМО-01-23,4,5,4.8
334,Студент 334,ББМО-01-23,3,4,4.1
337,Студент 337,ББМО-01-23,4,5,5.1
338,Студент 338,ББМО-01-23,3,4,4.4
341,Студент 341,ББМО-01-23,4,5,5.4
342,Студент 342,ББМО-01-23,3,4,3.8
345,Студент 345,ББМО-01-23,4,5,4.8
346,Студент 346,ББМО-01-23,3,4,4.1
349,Студент 349,ББМО-01-23,4,5,5.1
350,Студент 350,ББМО-01-23,3,4,4.4
353,Студент 353,ББМО-01-23,4,5,5.4
354,Студент 354,ББМО-01-23,3,4,3.8
357,Студент 357,ББМО-01-23,4,5,4.8
358,Студент 358,ББМО-01-23,3,4,4.1
361,Студент 361,ББМО-01-23,4,5,5.1
362,Студент 362,ББМО-01-23,3,4,4.4
365,Студент 365,ББМО-01-23,4,5,5.4
366,Студент 366,ББМО-01-23,3,4,3.8
369,Студент 369,ББМО-01-23,4,5,4.8
370,Студент 370,ББМО-01-23,3,4,4.1
373,Студент 373,ББМО-01-23,4,5,5.1
374,Студент 374,ББМО-01-23,3,4,4.4
377,Студент 377,ББМО-01-23,4,5,5.4
378,Студент 378,ББМО-01-23,3,4,3.8
381,Студент 381,ББМО-01-23,4,5,4.8
382,Студент 382,ББМО-01-23,3,4,4.1
385,Студент 385,ББМО-01-23,4,5,5.1
386,Студент 386,ББМО-01-23,3,4,4.4
389,Студент 389,ББМО-01-23,4,5,5.4
390,Студент 390,ББМО-01-23,3,4,3.8
393,Студент 393,ББМО-01-23,4,5,4.8
394,Студент 394,ББМО-01-23,3,4,4.1
397,Студент 397,ББМО-01-23,4,5,5.1
398,Студент 398,ББМО-01-23,3,4,4.4
401,Студент 401,ББМО-01-23,4,5,5.4
402,Студент 402,ББМО-01-23,3,4,3.8
405,Студент 405,ББМО-01-23,4,5,4.8
406,Студент 406,ББМО-01-23,3,4,4.1
409,Студент 409,ББМО-01-23,4,5,5.1
410,Студент 410,ББМО-01-23,3,4,4.4
413,Студент 413,ББМО-01-23,4,5,5.4
414,Студент 414,ББМО-01-23,3,4,3.8
417,Студент 417,ББМО-01-23,4,5,4.8
418,Студент 418,ББМО-01-23,3,4,4.1
421,Студент 421,ББМО-01-23,4,5,5.1
422,Студент 422,ББМО-01-23,3,4,4.4
425,Студент 425,ББМО-01-23,4,5,5.4
426,Студент 426,ББМО-01-23,3,4,3.8
429,Студент 429,ББМО-01-23,4,5,4.8
430,Студент 430,ББМО-01-23,3,4,4.1
433,Студент 433,ББМО-01-23,4,5,5.1
434,Студент 434,ББМО-01-23,3,4,4.4
437,Студент 437,ББМО-01-23,4,5,5.4
438,Студент 438,ББМО-01-23,3,4,3.8
441,Студент 441,ББМО-01-23,4,5,4.8
442,Студент 442,ББМО-01-23,3,4,4.1
445,Студент 445,ББМО-01-23,4,5,5.1
446,Студент 446,ББМО-01-23,3,4,4.4
449,Студент 449,ББМО-01-23,4,5,5.4
450,Студент 450,ББМО-01-23,3,4,3.8
453,Студент 453,ББМО-01-23,4,5,4.8
454,Студент 454,ББМО-01-23,3,4,4.1
457,Студент 457,ББМО-01-23,4,5,5.1
458,Студент 458,ББМО-01-23,3,4,4.4
461,Студент 461,ББМО-01-23,4,5,5.4
462,Студент 462,ББМО-01-23,3,4,3.8
465,Студент 465,ББМО-01-23,4,5,4.8
466,Студент 466,ББМО-01-23,3,4,4.1
469,Студент 469,ББМО-01-23,4,5,5.1
470,Студент 470,ББМО-01-23,3,4,4.4
473,Студент 473,ББМО-01-23,4,5,5.4
474,Студент 474,ББМО-01-23,3,4,3.8
477,Студент 477,ББМО-01-23,4,5,4.8
478,Студент 478,ББМО-01-23,3,4,4.1
481,Студент 481,ББМО-01-23,4,5,5.1
482,Студент 482,ББМО-01-23,3,4,4.4
485,Студент 485,ББМО-01-23,4,5,5.4
486,Студент 486,ББМО-01-23,3,4,3.8
489,Студент 489,ББМО-01-23,4,5,4.8
490,Студент 490,ББМО-01-23,3,4,4.1
493,Студент 493,ББМО-01-23,4,5,5.1
494,Студент 494,ББМО-01-23,3,4,4.4
497,Студент 497,ББМО-01-23,4,5,5.4
498,Студент 498,ББМО-01-23,3,4,3.8
501,Студент 501,ББМО-01-23,4,5,4.8
502,Студент 502,ББМО-01-23,3,4,4.1
505,Студент 505,ББМО-01-23,4,5,5.1
506,Студент 506,ББМО-01-23,3,4,4.4
509,Студент 509,ББМО-01-23,4,5,5.4
510,Студент 510,ББМО-01-23,3,4,3.8
513,Студент 513,ББМО-01-23,4,5,4.8
514,Студент 514,ББМО-01-23,3,4,4.1
517,Студент 517,ББМО-01-23,4,5,5.1
518,Студент 518,ББМО-01-23,3,4,4.4
521,Студент 521,ББМО-01-23,4,5,5.4
522,Студент 522,ББМО-01-23,3,4,3.8
525,Студент 525,ББМО-01-23,4,5,4.8
526,Студент 526,ББМО-01-23,3,4,4.1
529,Студент 529,ББМО-01-23,4,5,5.1
530,Студент 530,ББМО-01-23,3,4,4.4
533,Студент 533,ББМО-01-23,4,5,5.4
534,Студент 534,ББМО-01-23,3,4,3.8
537,Студент 537,ББМО-01-23,4,5,4.8
538,Студент 538,ББМО-01-23,3,4,4.1
541,Студент 541,ББМО-01-23,4,5,5.1
542,Студент 542,ББМО-01-23,3,4,4.4
545,Студент 545,ББМО-01-23,4,5,5.4
546,Студент 546,ББМО-01-23,3,4,3.8
549,Студент 549,ББМО-01-23,4,5,4.8
550,Студент 550,ББМО-01-23,3,4,4.1
553,Студент 553,ББМО-01-23,4,5,5.1
554,Студент 554,ББМО-01-23,3,4,4.4
557,Студент 557,ББМО-01-23,4,5,5.4
558,Студент 558,ББМО-01-23,3,4,3.8
561,Студент 561,ББМО-01-23,4,5,4.8
562,Студент 562,ББМО-01-23,3,4,4.1
565,Студент 565,ББМО-01-23,4,5,5.1
566,Студент 566,ББМО-01-23,3,4,4.4
569,Студент 569,ББМО-01-23,4,5,5.4
570,Студент 570,ББМО-01-23,3,4,3.8
573,Студент 573,ББМО-01-23,4,5,4.8
574,Студент 574,ББМО-01-23,3,4,4.1
577,Студент 577,ББМО-01-23,4,5,5.1
578,Студент 578,ББМО-01-23,3,4,4.4
581,Студент 581,ББМО-01-23,4,5,5.4
582,Студент 582,ББМО-01-23,3,4,3.8
585,Студент 585,ББМО-01-23,4,5,4.8
586,Студент 586,ББМО-01-23,3,4,4.1
589,Студент 589,ББМО-01-23,4,5,5.1
590,Студент 590,ББМО-01-23,3,4,4.4
593,Студент 593,ББМО-01-23,4,5,5.4
594,Студент 594,ББМО-01-23,3,4,3.8
597,Студент 597,ББМО-01-23,4,5,4.8
598,Студент 598,ББМО-01-23,3,4,4.1
601,Студент 601,ББМО-01-23,4,5,5.1
602,Студент 602,ББМО-01-23,3,4,4.4
605,Студент 605,ББМО-01-23,4,5,5.4
606,Студент 606,ББМО-01-23,3,4,3.8
609,Студент 609,ББМО-01-23,4,5,4.8
610,Студент 610,ББМО-01-23,3,4,4.1
613,Студент 613,ББМО-01-23,4,5,5.1
614,Студент 614,ББМО-01-23,3,4,4.4
617,Студент 617,ББМО-01-23,4,5,5.4
618,Студент 618,ББМО-01-23,3,4,3.8
621,Студент 621,ББМО-01-23,4,5,4.8
622,Студент 622,ББМО-01-23,3,4,4.1
625,Студент 625,ББМО-01-23,4,5,5.1
626,Студент 626,ББМО-01-23,3,4,4.4
629,Студент 629,ББМО-01-23,4,5,5.4
630,Студент 630,ББМО-01-23,3,4,3.8
633,Студент 633,ББМО-01-23,4,5,4.8
634,Студент 634,ББМО-01-23,3,4,4.1
637,Студент 637,ББМО-01-23,4,5,5.1
638,Студент 638,ББМО-01-23,3,4,4.4
641,Студент 641,ББМО-01-23,4,5,5.4
642,Студент 642,ББМО-01-23,3,4,3.8
645,Студент 645,ББМО-01-23,4,5,4.8
646,Студент 646,ББМО-01-23,3,4,4.1
649,Студент 649,ББМО-01-23,4,5,5.1
650,Студент 650,ББМО-01-23,3,4,4.4
653,Студент 653,ББМО-01-23,4,5,5.4
654,Студент 654,ББМО-01-23,3,4,3.8
657,Студент 657,ББМО-01-23,4,5,4.8
658,Студент 658,ББМО-01-23,3,4,4.1
661,Студент 661,ББМО-01-23,4,5,5.1
662,Студент 662,ББМО-01-23,3,4,4.4
665,Студент 665,ББМО-01-23,4,5,5.4
666,Студент 666,ББМО-01-23,3,4,3.8
669,Студент 669,ББМО-01-23,4,5,4.8
670,Студент 670,ББМО-01-23,3,4,4.1
673,Студент 673,ББМО-01-23,4,5,5.1
674,Студент 674,ББМО-01-23,3,4,4.4
677,Студент 677,ББМО-01-23,4,5,5.4
678,Студент 678,ББМО-01-23,3,4,3.8
681,Студент 681,ББМО-01-23,4,5,4.8
682,Студент 682,ББМО-01-23,3,4,4.1
685,Студент 685,ББМО-01-23,4,5,5.1
686,Студент 686,ББМО-01-23,3,4,4.4
689,Студент 689,ББМО-01-23,4,5,5.4
690,Студент 690,ББМО-01-23,3,4,3.8
693,Студент 693,ББМО-01-23,4,5,4.8
694,Студент 694,ББМО-01-23,3,4,4.1
697,Студент 697,ББМО-01-23,4,5,5.1
698,Студент 698,ББМО-01-23,3,4,4.4
701,Студент 701,ББМО-01-23,4,5,5.4
702,Студент 702,ББМО-01-23,3,4,3.8
705,Студент 705,ББМО-01-23,4,5,4.8
706,Студент 706,ББМО-01-23,3,4,4.1
709,Студент 709,ББМО-01-23,4,5,5.1
710,Студент 710,ББМО-01-23,3,4,4.4
713,Студент 713,ББМО-01-23,4,5,5.4
714,Студент 714,ББМО-01-23,3,4,3.8
717,Студент 717,ББМО-01-23,4,5,4.8
718,Студент 718,ББМО-01-23,3,4,4.1
721,Студент 721,ББМО-01-23,4,5,5.1
722,Студент 722,ББМО-01-23,3,4,4.4
725,Студент 725,ББМО-01-23,4,5,5.4
726,Студент 726,ББМО-01-23,3,4,3.8
729,Студент 729,ББМО-01-23,4,5,4.8
730,Студент 730,ББМО-01-23,3,4,4.1
733,Студент 733,ББМО-01-23,4,5,5.1
734,Студент 734,ББМО-01-23,3,4,4.4
737,Студент 737,ББМО-01-23,4,5,5.4
738,Студент 738,ББМО-01-23,3,4,3.8
741,Студент 741,ББМО-01-23,4,5,4.8
742,Студент 742,ББМО-01-23,3,4,4.1
745,Студент 745,ББМО-01-23,4,5,5.1
746,Студент 746,ББМО-01-23,3,4,4.4
749,Студент 749,ББМО-01-23,4,5,5.4
750,Студент 750,ББМО-01-23,3,4,3.8
753,Студент 753,ББМО-01-23,4,5,4.8
754,Студент 754,ББМО-01-23,3,4,4.1
757,Студент 757,ББМО-01-23,4,5,5.1
758,Студент 758,ББМО-01-23,3,4,4.4
761,Студент 761,ББМО-01-23,4,5,5.4
762,Студент 762,ББМО-01-23,3,4,3.8
765,Студент 765,ББМО-01-23,4,5,4.8
766,Студент 766,ББМО-01-23,3,4,4.1
769,Студент 769,ББМО-01-23,4,5,5.1
770,Студент 770,ББМО-01-23,3,4,4.4
773,Студент 773,ББМО-01-23,4,5,5.4
774,Студент 774,ББМО-01-23,3,4,3.8
778,Студент 778,ББМО-01-23,3,4,4.1
781,Студент 781,ББМО-01-23,4,5,5.1
782,Студент 782,ББМО-01-23,3,4,4.4
785,Студент 785,ББМО-01-23,4,5,5.4
786,Студент 786,ББМО-01-23,3,4,3.8
789,Студент 789,ББМО-01-23,4,5,4.8
790,Студент 790,ББМО-01-23,3,4,4.1
793,Студент 793,ББМО-01-23,4,5,5.1
794,Студент 794,ББМО-01-23,3,4,4.4
797,Студент 797,ББМО-01-23,4,5,5.4
798,Студент 798,ББМО-01-23,3,4,3.8
801,Студент 801,ББМО-01-23,4,5,4.8
802,Студент 802,ББМО-01-23,3,4,4.1
805,Студент 805,ББМО-01-23,4,5,5.1
806,Студент 806,ББМО-01-23,3,4,4.4
809,Студент 809,ББМО-01-23,4,5,5.4
810,Студент 810,ББМО-01-23,3,4,3.8
813,Студент 813,ББМО-01-23,4,5,4.8
814,Студент 814,ББМО-01-23,3,4,4.1
817,Студент 817,ББМО-01-23,4,5,5.1
818,Студент 818,ББМО-01-23,3,4,4.4
821,Студент 821,ББМО-01-23,4,5,5.4
822,Студент 822,ББМО-01-23,3,4,3.8
825,Студент 825,ББМО-01-23,4,5,4.8
826,Студент 826,ББМО-01-23,3,4,4.1
829,Студент 829,ББМО-01-23,4,5,5.1
830,Студент 830,ББМО-01-23,3,4,4.4
833,Студент 833,ББМО-01-23,4,5,5.4
834,Студент 834,ББМО-01-23,3,4,3.8
837,Студент 837,ББМО-01-23,4,5,4.8
838,Студент 838,ББМО-01-23,3,4,4.1
841,Студент 841,ББМО-01-23,4,5,5.1
842,Студент 842,ББМО-01-23,3,4,4.4
845,Студент 845,ББМО-01-23,4,5,5.4
846,Студент 846,ББМО-01-23,3,4,3.8
849,Студент 849,ББМО-01-23,4,5,4.8
850,Студент 850,ББМО-01-23,3,4,4.1
853,Студент 853,ББМО-01-23,4,5,5.1
854,Студент 854,ББМО-01-23,3,4,4.4
857,Студент 857,ББМО-01-23,4,5,5.4
858,Студент 858,ББМО-01-23,3,4,3.8
861,Студент 861,ББМО-01-23,4,5,4.8
862,Студент 862,ББМО-01-23,3,4,4.1
865,Студент 865,ББМО-01-23,4,5,5.1
866,Студент 866,ББМО-01-23,3,4,4.4
869,Студент 869,ББМО-01-23,4,5,5.4
870,Студент 870,ББМО-01-23,3,4,3.8
873,Студент 873,ББМО-01-23,4,5,4.8
874,Студент 874,ББМО-01-23,3,4,4.1
877,Студент 877,ББМО-01-23,4,5,5.1
878,Студент 878,ББМО-01-23,3,4,4.4
881,Студент 881,ББМО-01-23,4,5,5.4
882,Студент 882,ББМО-01-23,3,4,3.8
885,Студент 885,ББМО-01-23,4,5,4.8
886,Студент 886,ББМО-01-23,3,4,4.1
889,Студент 889,ББМО-01-23,4,5,5.1
890,Студент 890,ББМО-01-23,3,4,4.4
893,Студент 893,ББМО-01-23,4,5,5.4
894,Студент 894,ББМО-01-23,3,4,3.8
897,Студент 897,ББМО-01-23,4,5,4.8
898,Студент 898,ББМО-01-23,3,4,4.1
901,Студент 901,ББМО-01-23,4,5,5.1
902,Студент 902,ББМО-01-23,3,4,4.4
905,Студент 905,ББМО-01-23,4,5,5.4
906,Студент 906,ББМО-01-23,3,4,3.8
909,Студент 909,ББМО-01-23,4,5,4.8
910,Студент 910,ББМО-01-23,3,4,4.1
913,Студент 913,ББМО-01-23,4,5,5.1
914,Студент 914,ББМО-01-23,3,4,4.4
917,Студент 917,ББМО-01-23,4,5,5.4
918,Студент 918,ББМО-01-23,3,4,3.8
921,Студент 921,ББМО-01-23,4,5,4.8
922,Студент 922,ББМО-01-23,3,4,4.1
925,Студент 925,ББМО-01-23,4,5,5.1
926,Студент 926,ББМО-01-23,3,4,4.4
929,Студент 929,ББМО-01-23,4,5,5.4
930,Студент 930,ББМО-01-23,3,4,3.8
933,Студент 933,ББМО-01-23,4,5,4.8
934,Студент 934,ББМО-01-23,3,4,4.1
937,Студент 937,ББМО-01-23,4,5,5.1
938,Студент 938,ББМО-01-23,3,4,4.4
941,Студент 941,ББМО-01-23,4,5,5.4
942,Студент 942,ББМО-01-23,3,4,3.8
945,Студент 945,ББМО-01-23,4,5,4.8
946,Студент 946,ББМО-01-23,3,4,4.1
949,Студент 949,ББМО-01-23,4,5,5.1
950,Студент 950,ББМО-01-23,3,4,4.4
953,Студент 953,ББМО-01-23,4,5,5.4
954,Студент 954,ББМО-01-23,3,4,3.8
957,Студент 957,ББМО-01-23,4,5,4.8
958,Студент 958,ББМО-01-23,3,4,4.1
961,Студент 961,ББМО-01-23,4,5,5.1
962,Студент 962,ББМО-01-23,3,4,4.4
965,Студент 965,ББМО-01-23,4,5,5.4
966,Студент 966,ББМО-01-23,3,4,3.8
969,Студент 969,ББМО-01-23,4,5,4.8
970,Студент 970,ББМО-01-23,3,4,4.1
973,Студент 973,ББМО-01-23,4,5,5.1
974,Студент 974,ББМО-01-23,3,4,4.4
977,Студент 977,ББМО-01-23,4,5,5.4
978,Студент 978,ББМО-01-23,3,4,3.8
981,Студент 981,ББМО-01-23,4,5,4.8
982,Студент 982,ББМО-01-23,3,4,4.1
985,Студент 985,ББМО-01-23,4,5,5.1
986,Студент 986,ББМО-01-23,3,4,4.4
989,Студент 989,ББМО-01-23,4,5,5.4
990,Студент 990,ББМО-01-23,3,4,3.8
993,Студент 993,ББМО-01-23,4,5,4.8
994,Студент 994,ББМО-01-23,3,4,4.1
997,Студент 997,ББМО-01-23,4,5,5.1
998,Студент 998,ББМО-01-23,3,4,4.4
1001,Студент 1001,ББМО-01-23,4,5,5.4
1002,Студент 1002,ББМО-01-23,3,4,3.8
1005,Студент 1005,ББМО-01-23,4,5,4.8
1006,Студент 1006,ББМО-01-23,3,4,4.1
1009,Студент 1009,ББМО-01-23,4,5,5.1
1010,Студент 1010,ББМО-01-23,3,4,4.4
1013,Студент 1013,ББМО-01-23,4,5,5.4
1014,Студент 1014,ББМО-01-23,3,4,3.8
1017,Студент 1017,ББМО-01-23,4,5,4.8
1018,Студент 1018,ББМО-01-23,3,4,4.1
1021,Студент 1021,ББМО-01-23,4,5,5.1
1022,Студент 1022,ББМО-01-23,3,4,4.4
1025,Студент 1025,ББМО-01-23,4,5,5.4
1026,Студент 1026,ББМО-01-23,3,4,3.8
1029,Студент 1029,ББМО-01-23,4,5,4.8
1030,Студент 1030,ББМО-01-23,3,4,4.1
1033,Студент 1033,ББМО-01-23,4,5,5.1
1034,Студент 1034,ББМО-01-23,3,4,4.4
1037,Студент 1037,ББМО-01-23,4,5,5.4
1038,Студент 1038,ББМО-01-23,3,4,3.8
1041,Студент 1041,ББМО-01-23,4,5,4.8
1042,Студент 1042,ББМО-01-23,3,4,4.1
1045,Студент 1045,ББМО-01-23,4,5,5.1
1046,Студент 1046,ББМО-01-23,3,4,4.4
1049,Студент 1049,ББМО-01-23,4,5,5.4
1050,Студент 1050,ББМО-01-23,3,4,3.8
1053,Студент 1053,ББМО-01-23,4,5,4.8
1054,Студент 1054,ББМО-01-23,3,4,4.1
1057,Студент 1057,ББМО-01-23,4,5,5.1
1058,Студент 1058,ББМО-01-23,3,4,4.4
1061,Студент 1061,ББМО-01-23,4,5,5.4
1062,Студент 1062,ББМО-01-23,3,4,3.8
1065,Студент 1065,ББМО-01-23,4,5,4.8
1066,Студент 1066,ББМО-01-23,3,4,4.1
1069,Студент 1069,ББМО-01-23,4,5,5.1
1070,Студент 1070,ББМО-01-23,3,4,4.4
1073,Студент 1073,ББМО-01-23,4,5,5.4
1074,Студент 1074,ББМО-01-23,3,4,3.8
1077,Студент 1077,ББМО-01-23,4,5,4.8
1078,Студент 1078,ББМО-01-23,3,4,4.1
1081,Студент 1081,ББМО-01-23,4,5,5.1
1082,Студент 1082,ББМО-01-23,3,4,4.4
1085,Студент 1085,ББМО-01-23,4,5,5.4
1086,Студент 1086,ББМО-01-23,3,4,3.8
1089,Студент 1089,ББМО-01-23,4,5,4.8
1090,Студент 1090,ББМО-01-23,3,4,4.1
1093,Студент 1093,ББМО-01-23,4,5,5.1
1094,Студент 1094,ББМО-01-23,3,4,4.4
1097,Студент 1097,ББМО-01-23,4,5,5.4
1098,Студент 1098,ББМО-01-23,3,4,3.8
1101,Студент 1101,ББМО-01-23,4,5,4.8
1102,Студент 1102,ББМО-01-23,3,4,4.1
1105,Студент 1105,ББМО-01-23,4,5,5.1
1106,Студент 1106,ББМО-01-23,3,4,4.4
1109,Студент 1109,ББМО-01-23,4,5,5.4
1110,Студент 1110,ББМО-01-23,3,4,3.8
1113,Студент 1113,ББМО-01-23,4,5,4.8
1114,Студент 1114,ББМО-01-23,3,4,4.1
1117,Студент 1117,ББМО-01-23,4,5,5.1
1118,Студент 1118,ББМО-01-23,3,4,4.4
1121,Студент 1121,ББМО-01-23,4,5,5.4
1122,Студент 1122,ББМО-01-23,3,4,3.8
1125,Студент 1125,ББМО-01-23,4,5,4.8
1126,Студент 1126,ББМО-01-23,3,4,4.1
1129,Студент 1129,ББМО-01-23,4,5,5.1
1130,Студент 1130,ББМО-01-23,3,4,4.4
1133,Студент 1133,ББМО-01-23,4,5,5.4
1134,Студент 1134,ББМО-01-23,3,4,3.8
1137,Студент 1137,ББМО-01-23,4,5,4.8
1138,Студент 1138,ББМО-01-23,3,4,4.1
1141,Студент 1141,ББМО-01-23,4,5,5.1
1142,Студент 1142,ББМО-01-23,3,4,4.4
1145,Студент 1145,ББМО-01-23,4,5,5.4
1146,Студент 1146,ББМО-01-23,3,4,3.8
1149,Студент 1149,ББМО-01-23,4,5,4.8
1150,Студент 1150,ББМО-01-23,3,4,4.1
1153,Студент 1153,ББМО-01-23,4,5,5.1
1154,Студент 1154,ББМО-01-23,3,4,4.4
1157,Студент 1157,ББМО-01-23,4,5,5.4
1158,Студент 1158,ББМО-01-23,3,4,3.8
1161,Студент 1161,ББМО-01-23,4,5,4.8
1162,Студент 1162,ББМО-01-23,3,4,4.1
1165,Студент 1165,ББМО-01-23,4,5,5.1
1166,Студент 1166,ББМО-01-23,3,4,4.4
1169,Студент 1169,ББМО-01-23,4,5,5.4
1170,Студент 1170,ББМО-01-23,3,4,3.8
1173,Студент 1173,ББМО-01-23,4,5,4.8
1174,Студент 1174,ББМО-01-23,3,4,4.1
1177,Студент 1177,ББМО-01-23,4,5,5.1
1178,Студент 1178,ББМО-01-23,3,4,4.4
1181,Студент 1181,ББМО-01-23,4,5,5.4
1182,Студент 1182,ББМО-01-23,3,4,3.8
1185,Студент 1185,ББМО-01-23,4,5,4.8
1186,Студент 1186,ББМО-01-23,3,4,4.1
1189,Студент 1189,ББМО-01-23,4,5,5.1
1190,Студент 1190,ББМО-01-23,3,4,4.4
1193,Студент 1193,ББМО-01-23,4,5,5.4
1194,Студент 1194,ББМО-01-23,3,4,3.8
1197,Студент 1197,ББМО-01-23,4,5,4.8
1198,Студент 1198,ББМО-01-23,3,4,4.1
1201,Студент 1201,ББМО-01-23,4,5,5.1
1202,Студент 1202,ББМО-01-23,3,4,4.4
1205,Студент 1205,ББМО-01-23,4,5,5.4
1206,Студент 1206,ББМО-01-23,3,4,3.8
1209,Студент 1209,ББМО-01-23,4,5,4.8
1210,Студент 1210,ББМО-01-23,3,4,4.1
1213,Студент 1213,ББМО-01-23,4,5,5.1
1214,Студент 1214,ББМО-01-23,3,4,4.4
1217,Студент 1217,ББМО-01-23,4,5,5.4
1218,Студент 1218,ББМО-01-23,3,4,3.8
1221,Студент 1221,ББМО-01-23,4,5,4.8
1222,Студент 1222,ББМО-01-23,3,4,4.1
1225,Студент 1225,ББМО-01-23,4,5,5.1
1226,Студент 1226,ББМО-01-23,3,4,4.4
1229,Студент 1229,ББМО-01-23,4,5,5.4
1230,Студент 1230,ББМО-01-23,3,4,3.8
1233,Студент 1233,ББМО-01-23,4,5,4.8
1234,Студент 1234,ББМО-01-23,3,4,4.1
1237,Студент 1237,ББМО-01-23,4,5,5.1
1238,Студент 1238,ББМО-01-23,3,4,4.4
1241,Студент 1241,ББМО-01-23,4,5,5.4
1242,Студент 1242,ББМО-01-23,3,4,3.8
1245,Студент 1245,ББМО-01-23,4,5,4.8
1246,Студент 1246,ББМО-01-23,3,4,4.1
1249,Студент 1249,ББМО-01-23,4,5,5.1
1250,Студент 1250,ББМО-01-23,3,4,4.4
1253,Студент 1253,ББМО-01-23,4,5,5.4
1254,Студент 1254,ББМО-01-23,3,4,3.8
1257,Студент 1257,ББМО-01-23,4,5,4.8
1258,Студент 1258,ББМО-01-23,3,4,4.1
1261,Студент 1261,ББМО-01-23,4,5,5.1
1262,Студент 1262,ББМО-01-23,3,4,4.4
1265,Студент 1265,ББМО-01-23,4,5,5.4
1266,Студент 1266,ББМО-01-23,3,4,3.8
1269,Студент 1269,ББМО-01-23,4,5,4.8
1270,Студент 1270,ББМО-01-23,3,4,4.1
1273,Студент 1273,ББМО-01-23,4,5,5.1
1274,Студент 1274,ББМО-01-23,3,4,4.4
1277,Студент 1277,ББМО-01-23,4,5,5.4
1278,Студент 1278,ББМО-01-23,3,4,3.8
1281,Студент 1281,ББМО-01-23,4,5,4.8
1282,Студент 1282,ББМО-01-23,3,4,4.1
1285,Студент 1285,ББМО-01-23,4,5,5.1
1286,Студент 1286,ББМО-01-23,3,4,4.4
1289,Студент 1289,ББМО-01-23,4,5,5.4
1290,Студент 1290,ББМО-01-23,3,4,3.8
1293,Студент 1293,ББМО-01-23,4,5,4.8
1294,Студент 1294,ББМО-01-23,3,4,4.1
1297,Студент 1297,ББМО-01-23,4,5,5.1
1298,Студент 1298,ББМО-01-23,3,4,4.4
1301,Студент 1301,ББМО-01-23,4,5,5.4
1302,Студент 1302,ББМО-01-23,3,4,3.8
1305,Студент 1305,ББМО-01-23,4,5,4.8
1306,Студент 1306,ББМО-01-23,3,4,4.1
1309,Студент 1309,ББМО-01-23,4,5,5.1
1310,Студент 1310,ББМО-01-23,3,4,4.4
1313,Студент 1313,ББМО-01-23,4,5,5.4
1314,Студент 1314,ББМО-01-23,3,4,3.8
1317,Студент 1317,ББМО-01-23,4,5,4.8
1318,Студент 1318,ББМО-01-23,3,4,4.1
1321,Студент 1321,ББМО-01-23,4,5,5.1
1322,Студент 1322,ББМО-01-23,3,4,4.4
1325,Студент 1325,ББМО-01-23,4,5,5.4
1326,Студент 1326,ББМО-01-23,3,4,3.8
1329,Студент 1329,ББМО-01-23,4,5,4.8
1330,Студент 1330,ББМО-01-23,3,4,4.1
1333,Студент 1333,ББМО-01-23,4,5,5.1
1334,Студент 1334,ББМО-01-23,3,4,4.4
1337,Студент 1337,ББМО-01-23,4,5,5.4
1338,Студент 1338,ББМО-01-23,3,4,3.8
1341,Студент 1341,ББМО-01-23,4,5,4.8
1342,Студент 1342,ББМО-01-23,3,4,4.1
1345,Студент 1345,ББМО-01-23,4,5,5.1
1346,Студент 1346,ББМО-01-23,3,4,4.4
1349,Студент 1349,ББМО-01-23,4,5,5.4
1350,Студент 1350,ББМО-01-23,3,4,3.8
1353,Студент 1353,ББМО-01-23,4,5,4.8
1354,Студент 1354,ББМО-01-23,3,4,4.1
1357,Студент 1357,ББМО-01-23,4,5,5.1
1358,Студент 1358,ББМО-01-23,3,4,4.4
1361,Студент 1361,ББМО-01-23,4,5,5.4
1362,Студент 1362,ББМО-01-23,3,4,3.8
1365,Студент 1365,ББМО-01-23,4,5,4.8
1366,Студент 1366,ББМО-01-23,3,4,4.1
1369,Студент 1369,ББМО-01-23,4,5,5.1
1370,Студент 1370,ББМО-01-23,3,4,4.4
1373,Студент 1373,ББМО-01-23,4,5,5.4
1374,Студент 1374,ББМО-01-23,3,4,3.8
1377,Студент 1377,ББМО-01-23,4,5,4.8
1378,Студент 1378,ББМО-01-23,3,4,4.1
1381,Студент 1381,ББМО-01-23,4,5,5.1
1382,Студент 1382,ББМО-01-23,3,4,4.4
1385,Студент 1385,ББМО-01-23,4,5,5.4
1386,Студент 1386,ББМО-01-23,3,4,3.8
1389,Студент 1389,ББМО-01-23,4,5,4.8
1390,Студент 1390,ББМО-01-23,3,4,4.1
1393,Студент 1393,ББМО-01-23,4,5,5.1
1394,Студент 1394,ББМО-01-23,3,4,4.4
1397,Студент 1397,ББМО-01-23,4,5,5.4
1398,Студент 1398,ББМО-01-23,3,4,3.8
1401,Студент 1401,ББМО-01-23,4,5,4.8
1402,Студент 1402,ББМО-01-23,3,4,4.1
1405,Студент 1405,ББМО-01-23,4,5,5.1
1406,Студент 1406,ББМО-01-23,3,4,4.4
1409,Студент 1409,ББМО-01-23,4,5,5.4
1410,Студент 1410,ББМО-01-23,3,4,3.8
1413,Студент 1413,ББМО-01-23,4,5,4.8
1414,Студент 1414,ББМО-01-23,3,4,4.1
1417,Студент 1417,ББМО-01-23,4,5,5.1
1418,Студент 1418,ББМО-01-23,3,4,4.4
1421,Студент 1421,ББМО-01-23,4,5,5.4
1422,Студент 1422,ББМО-01-23,3,4,3.8
1425,Студент 1425,ББМО-01-23,4,5,4.8
1426,Студент 1426,ББМО-01-23,3,4,4.1
1429,Студент 1429,ББМО-01-23,4,5,5.1
1430,Студент 1430,ББМО-01-23,3,4,4.4
1433,Студент 1433,ББМО-01-23,4,5,5.4
1434,Студент 1434,ББМО-01-23,3,4,3.8
1437,Студент 1437,ББМО-01-23,4,5,4.8
1438,Студент 1438,ББМО-01-23,3,4,4.1
1441,Студент 1441,ББМО-01-23,4,5,5.1
1442,Студент 1442,ББМО-01-23,3,4,4.4
1445,Студент 1445,ББМО-01-23,4,5,5.4
1446,Студент 1446,ББМО-01-23,3,4,3.8
1449,Студент 1449,ББМО-01-23,4,5,4.8
1450,Студент 1450,ББМО-01-23,3,4,4.1
1453,Студент 1453,ББМО-01-23,4,5,5.1
1454,Студент 1454,ББМО-01-23,3,4,4.4
1457,Студент 1457,ББМО-01-23,4,5,5.4
1458,Студент 1458,ББМО-01-23,3,4,3.8
1461,Студент 1461,ББМО-01-23,4,5,4.8
1462,Студент 1462,ББМО-01-23,3,4,4.1
1465,Студент 1465,ББМО-01-23,4,5,5.1
1466,Студент 1466,ББМО-01-23,3,4,4.4
1469,Студент 1469,ББМО-01-23,4,5,5.4
1470,Студент 1470,ББМО-01-23,3,4,3.8
1473,Студент 1473,ББМО-01-23,4,5,4.8
1474,Студент 1474,ББМО-01-23,3,4,4.1
1477,Студент 1477,ББМО-01-23,4,5,5.1
1478,Студент 1478,ББМО-01-23,3,4,4.4
1481,Студент 1481,ББМО-01-23,4,5,5.4
1482,Студент 1482,ББМО-01-23,3,4,3.8
1485,Студент 1485,ББМО-01-23,4,5,4.8
1486,Студент 1486,ББМО-01-23,3,4,4.1
1489,Студент 1489,ББМО-01-23,4,5,5.1
1490,Студент 1490,ББМО-01-23,3,4,4.4
1493,Студент 1493,ББМО-01-23,4,5,5.4
1494,Студент 1494,ББМО-01-23,3,4,3.8
1497,Студент 1497,ББМО-01-23,4,5,4.8
1498,Студент 1498,ББМО-01-23,3,4,4.1
1501,Студент 1501,ББМО-01-23,4,5,5.1
1502,Студент 1502,ББМО-01-23,3,4,4.4
1505,Студент 1505,ББМО-01-23,4,5,5.4
1506,Студент 1506,ББМО-01-23,3,4,3.8
1509,Студент 1509,ББМО-01-23,4,5,4.8
1510,Студент 1510,ББМО-01-23,3,4,4.1
1513,Студент 1513,ББМО-01-23,4,5,5.1
1514,Студент 1514,ББМО-01-23,3,4,4.4
1517,Студент 1517,ББМО-01-23,4,5,5.4
1518,Студент 1518,ББМО-01-23,3,4,3.8
1521,Студент 1521,ББМО-01-23,4,5,4.8
1522,Студент 1522,ББМО-01-23,3,4,4.1
1525,Студент 1525,ББМО-01-23,4,5,5.1
1526,Студент 1526,ББМО-01-23,3,4,4.4
1529,Студент 1529,ББМО-01-23,4,5,5.4
1530,Студент 1530,ББМО-01-23,3,4,3.8
1533,Студент 1533,ББМО-01-23,4,5,4.8
1534,Студент 1534,ББМО-01-23,3,4,4.1
1537,Студент 1537,ББМО-01-23,4,5,5.1
1538,Студент 1538,ББМО-01-23,3,4,4.4
1541,Студент 1541,ББМО-01-23,4,5,5.4
1542,Студент 1542,ББМО-01-23,3,4,3.8
1545,Студент 1545,ББМО-01-23,4,5,4.8
1546,Студент 1546,ББМО-01-23,3,4,4.1
1549,Студент 1549,ББМО-01-23,4,5,5.1
1550,Студент 1550,ББМО-01-23,3,4,4.4
1553,Студент 1553,ББМО-01-23,4,5,5.4
1557,Студент 1557,ББМО-01-23,4,5,4.8
1558,Студент 1558,ББМО-01-23,3,4,4.1
1561,Студент 1561,ББМО-01-23,4,5,5.1
1562,Студент 1562,ББМО-01-23,3,4,4.4
1565,Студент 1565,ББМО-01-23,4,5,5.4
1566,Студент 1566,ББМО-01-23,3,4,3.8
1569,Студент 1569,ББМО-01-23,4,5,4.8
1570,Студент 1570,ББМО-01-23,3,4,4.1
1573,Студент 1573,ББМО-01-23,4,5,5.1
1574,Студент 1574,ББМО-01-23,3,4,4.4
1577,Студент 1577,ББМО-01-23,4,5,5.4
1578,Студент 1578,ББМО-01-23,3,4,3.8
1581,Студент 1581,ББМО-01-23,4,5,4.8
1582,Студент 1582,ББМО-01-23,3,4,4.1
1585,Студент 1585,ББМО-01-23,4,5,5.1
1586,Студент 1586,ББМО-01-23,3,4,4.4
1589,Студент 1589,ББМО-01-23,4,5,5.4
1590,Студент 1590,ББМО-01-23,3,4,3.8
1593,Студент 1593,ББМО-01-23,4,5,4.8
1594,Студент 1594,ББМО-01-23,3,4,4.1
1597,Студент 1597,ББМО-01-23,4,5,5.1
1598,Студент 1598,ББМО-01-23,3,4,4.4
1601,Студент 1601,ББМО-01-23,4,5,5.4
1602,Студент 1602,ББМО-01-23,3,4,3.8
1605,Студент 1605,ББМО-01-23,4,5,4.8
1606,Студент 1606,ББМО-01-23,3,4,4.1
1609,Студент 1609,ББМО-01-23,4,5,5.1
1610,Студент 1610,ББМО-01-23,3,4,4.4
1613,Студент 1613,ББМО-01-23,4,5,5.4
1614,Студент 1614,ББМО-01-23,3,4,3.8
1617,Студент 1617,ББМО-01-23,4,5,4.8
1618,Студент 1618,ББМО-01-23,3,4,4.1
1621,Студент 1621,ББМО-01-23,4,5,5.1
1622,Студент 1622,ББМО-01-23,3,4,4.4
1625,Студент 1625,ББМО-01-23,4,5,5.4
1626,Студент 1626,ББМО-01-23,3,4,3.8
1629,Студент 1629,ББМО-01-23,4,5,4.8
1630,Студент 1630,ББМО-01-23,3,4,4.1
1633,Студент 1633,ББМО-01-23,4,5,5.1
1634,Студент 1634,ББМО-01-23,3,4,4.4
1637,Студент 1637,ББМО-01-23,4,5,5.4
1638,Студент 1638,ББМО-01-23,3,4,3.8
1641,Студент 1641,ББМО-01-23,4,5,4.8
1642,Студент 1642,ББМО-01-23,3,4,4.1
1645,Студент 1645,ББМО-01-23,4,5,5.1
1646,Студент 1646,ББМО-01-23,3,4,4.4
1649,Студент 1649,ББМО-01-23,4,5,5.4
1650,Студент 1650,ББМО-01-23,3,4,3.8
1653,Студент 1653,ББМО-01-23,4,5,4.8
1654,Студент 1654,ББМО-01-23,3,4,4.1
1657,Студент 1657,ББМО-01-23,4,5,5.1
1658,Студент 1658,ББМО-01-23,3,4,4.4
1661,Студент 1661,ББМО-01-23,4,5,5.4
1662,Студент 1662,ББМО-01-23,3,4,3.8
1665,Студент 1665,ББМО-01-23,4,5,4.8
1666,Студент 1666,ББМО-01-23,3,4,4.1
1669,Студент 1669,ББМО-01-23,4,5,5.1
1670,Студент 1670,ББМО-01-23,3,4,4.4
1673,Студент 1673,ББМО-01-23,4,5,5.4
1674,Студент 1674,ББМО-01-23,3,4,3.8
1677,Студент 1677,ББМО-01-23,4,5,4.8
1678,Студент 1678,ББМО-01-23,3,4,4.1
1681,Студент 1681,ББМО-01-23,4,5,5.1
1682,Студент 1682,ББМО-01-23,3,4,4.4
1685,Студент 1685,ББМО-01-23,4,5,5.4
1686,Студент 1686,ББМО-01-23,3,4,3.8
1689,Студент 1689,ББМО-01-23,4,5,4.8
1690,Студент 1690,ББМО-01-23,3,4,4.1
1693,Студент 1693,ББМО-01-23,4,5,5.1
1694,Студент 1694,ББМО-01-23,3,4,4.4
1697,Студент 1697,ББМО-01-23,4,5,5.4
1698,Студент 1698,ББМО-01-23,3,4,3.8
1701,Студент 1701,ББМО-01-23,4,5,4.8
1702,Студент 1702,ББМО-01-23,3,4,4.1
1705,Студент 1705,ББМО-01-23,4,5,5.1
1706,Студент 1706,ББМО-01-23,3,4,4.4
1709,Студент 1709,ББМО-01-23,4,5,5.4
1710,Студент 1710,ББМО-01-23,3,4,3.8
1713,Студент 1713,ББМО-01-23,4,5,4.8
1714,Студент 1714,ББМО-01-23,3,4,4.1
1717,Студент 1717,ББМО-01-23,4,5,5.1
1718,Студент 1718,ББМО-01-23,3,4,4.4
1721,Студент 1721,ББМО-01-23,4,5,5.4
1722,Студент 1722,ББМО-01-23,3,4,3.8
1725,Студент 1725,ББМО-01-23,4,5,4.8
1726,Студент 1726,ББМО-01-23,3,4,4.1
1729,Студент 1729,ББМО-01-23,4,5,5.1
1730,Студент 1730,ББМО-01-23,3,4,4.4
1733,Студент 1733,ББМО-01-23,4,5,5.4
1734,Студент 1734,ББМО-01-23,3,4,3.8
1737,Студент 1737,ББМО-01-23,4,5,4.8
1738,Студент 1738,ББМО-01-23,3,4,4.1
1741,Студент 1741,ББМО-01-23,4,5,5.1
1742,Студент 1742,ББМО-01-23,3,4,4.4
1745,Студент 1745,ББМО-01-23,4,5,5.4
1746,Студент 1746,ББМО-01-23,3,4,3.8
1749,Студент 1749,ББМО-01-23,4,5,4.8
1750,Студент 1750,ББМО-01-23,3,4,4.1
1753,Студент 1753,ББМО-01-23,4,5,5.1
1754,Студент 1754,ББМО-01-23,3,4,4.4
1757,Студент 1757,ББМО-01-23,4,5,5.4
1758,Студент 1758,ББМО-01-23,3,4,3.8
1761,Студент 1761,ББМО-01-23,4,5,4.8
1762,Студент 1762,ББМО-01-23,3,4,4.1
1765,Студент 1765,ББМО-01-23,4,5,5.1
1766,Студент 1766,ББМО-01-23,3,4,4.4
1769,Студент 1769,ББМО-01-23,4,5,5.4
1770,Студент 1770,ББМО-01-23,3,4,3.8
1773,Студент 1773,ББМО-01-23,4,5,4.8
1774,Студент 1774,ББМО-01-23,3,4,4.1
1777,Студент 1777,ББМО-01-23,4,5,5.1
1778,Студент 1778,ББМО-01-23,3,4,4.4
1781,Студент 1781,ББМО-01-23,4,5,5.4
1782,Студент 1782,ББМО-01-23,3,4,3.8
1785,Студент 1785,ББМО-01-23,4,5,4.8
1786,Студент 1786,ББМО-01-23,3,4,4.1
1789,Студент 1789,ББМО-01-23,4,5,5.1
1790,Студент 1790,ББМО-01-23,3,4,4.4
1793,Студент 1793,ББМО-01-23,4,5,5.4
1794,Студент 1794,ББМО-01-23,3,4,3.8
1797,Студент 1797,ББМО-01-23,4,5,4.8
1798,Студент 1798,ББМО-01-23,3,4,4.1
1801,Студент 1801,ББМО-01-23,4,5,5.1
1802,Студент 1802,ББМО-01-23,3,4,4.4
1805,Студент 1805,ББМО-01-23,4,5,5.4
1806,Студент 1806,ББМО-01-23,3,4,3.8
1809,Студент 1809,ББМО-01-23,4,5,4.8
1810,Студент 1810,ББМО-01-23,3,4,4.1
1813,Студент 1813,ББМО-01-23,4,5,5.1
1814,Студент 1814,ББМО-01-23,3,4,4.4
1817,Студент 1817,ББМО-01-23,4,5,5.4
1818,Студент 1818,ББМО-01-23,3,4,3.8
1821,Студент 1821,ББМО-01-23,4,5,4.8
1822,Студент 1822,ББМО-01-23,3,4,4.1
1825,Студент 1825,ББМО-01-23,4,5,5.1
1826,Студент 1826,ББМО-01-23,3,4,4.4
1829,Студент 1829,ББМО-01-23,4,5,5.4
1830,Студент 1830,ББМО-01-23,3,4,3.8
1833,Студент 1833,ББМО-01-23,4,5,4.8
1834,Студент 1834,ББМО-01-23,3,4,4.1
1837,Студент 1837,ББМО-01-23,4,5,5.1
1838,Студент 1838,ББМО-01-23,3,4,4.4
1841,Студент 1841,ББМО-01-23,4,5,5.4
1842,Студент 1842,ББМО-01-23,3,4,3.8
1845,Студент 1845,ББМО-01-23,4,5,4.8
1846,Студент 1846,ББМО-01-23,3,4,4.1
1849,Студент 1849,ББМО-01-23,4,5,5.1
1850,Студент 1850,ББМО-01-23,3,4,4.4
1853,Студент 1853,ББМО-01-23,4,5,5.4
1854,Студент 1854,ББМО-01-23,3,4,3.8
1857,Студент 1857,ББМО-01-23,4,5,4.8
1858,Студент 1858,ББМО-01-23,3,4,4.1
1861,Студент 1861,ББМО-01-23,4,5,5.1
1862,Студент 1862,ББМО-01-23,3,4,4.4
1865,Студент 1865,ББМО-01-23,4,5,5.4
1866,Студент 1866,ББМО-01-23,3,4,3.8
1869,Студент 1869,ББМО-01-23,4,5,4.8
1870,Студент 1870,ББМО-01-23,3,4,4.1
1873,Студент 1873,ББМО-01-23,4,5,5.1
1874,Студент 1874,ББМО-01-23,3,4,4.4
1877,Студент 1877,ББМО-01-23,4,5,5.4
1878,Студент 1878,ББМО-01-23,3,4,3.8
1881,Студент 1881,ББМО-01-23,4,5,4.8
1882,Студент 1882,ББМО-01-23,3,4,4.1
1885,Студент 1885,ББМО-01-23,4,5,5.1
1886,Студент 1886,ББМО-01-23,3,4,4.4
1889,Студент 1889,ББМО-01-23,4,5,5.4
1890,Студент 1890,ББМО-01-23,3,4,3.8
1893,Студент 1893,ББМО-01-23,4,5,4.8
1894,Студент 1894,ББМО-01-23,3,4,4.1
1897,Студент 1897,ББМО-01-23,4,5,5.1
1898,Студент 1898,ББМО-01-23,3,4,4.4
1901,Студент 1901,ББМО-01-23,4,5,5.4
1902,Студент 1902,ББМО-01-23,3,4,3.8
1905,Студент 1905,ББМО-01-23,4,5,4.8
1906,Студент 1906,ББМО-01-23,3,4,4.1
1909,Студент 1909,ББМО-01-23,4,5,5.1
1910,Студент 1910,ББМО-01-23,3,4,4.4
1913,Студент 1913,ББМО-01-23,4,5,5.4
1914,Студент 1914,ББМО-01-23,3,4,3.8
1917,Студент 1917,ББМО-01-23,4,5,4.8
1918,Студент 1918,ББМО-01-23,3,4,4.1
1921,Студент 1921,ББМО-01-23,4,5,5.1
1922,Студент 1922,ББМО-01-23,3,4,4.4
1925,Студент 1925,ББМО-01-23,4,5,5.4
1926,Студент 1926,ББМО-01-23,3,4,3.8
1929,Студент 1929,ББМО-01-23,4,5,4.8
1930,Студент 1930,ББМО-01-23,3,4,4.1
1933,Студент 1933,ББМО-01-23,4,5,5.1
1934,Студент 1934,ББМО-01-23,3,4,4.4
1937,Студент 1937,ББМО-01-23,4,5,5.4
1938,Студент 1938,ББМО-01-23,3,4,3.8
1941,Студент 1941,ББМО-01-23,4,5,4.8
1942,Студент 1942,ББМО-01-23,3,4,4.1
1945,Студент 1945,ББМО-01-23,4,5,5.1
1946,Студент 1946,ББМО-01-23,3,4,4.4
1949,Студент 1949,ББМО-01-23,4,5,5.4
1950,Студент 1950,ББМО-01-23,3,4,3.8
1953,Студент 1953,ББМО-01-23,4,5,4.8
1954,Студент 1954,ББМО-01-23,3,4,4.1
1957,Студент 1957,ББМО-01-23,4,5,5.1
1958,Студент 1958,ББМО-01-23,3,4,4.4
1961,Студент 1961,ББМО-01-23,4,5,5.4
1962,Студент 1962,ББМО-01-23,3,4,3.8
1965,Студент 1965,ББМО-01-23,4,5,4.8
1966,Студент 1966,ББМО-01-23,3,4,4.1
1969,Студент 1969,ББМО-01-23,4,5,5.1
1970,Студент 1970,ББМО-01-23,3,4,4.4
1973,Студент 1973,ББМО-01-23,4,5,5.4
1974,Студент 1974,ББМО-01-23,3,4,3.8
1977,Студент 1977,ББМО-01-23,4,5,4.8
1978,Студент 1978,ББМО-01-23,3,4,4.1
1981,Студент 1981,ББМО-01-23,4,5,5.1
1982,Студент 1982,ББМО-01-23,3,4,4.4
1985,Студент 1985,ББМО-01-23,4,5,5.4
1986,Студент 1986,ББМО-01-23,3,4,3.8
1989,Студент 1989,ББМО-01-23,4,5,4.8
1990,Студент 1990,ББМО-01-23,3,4,4.1
1993,Студент 1993,ББМО-01-23,4,5,5.1
1994,Студент 1994,ББМО-01-23,3,4,4.4
1997,Студент 1997,ББМО-01-23,4,5,5.4
1998,Студент 1998,ББМО-01-23,3,4,3.8
2001,Студент 2001,ББМО-01-23,4,5,4.8
2002,Студент 2002,ББМО-01-23,3,4,4.1
2005,Студент 2005,ББМО-01-23,4,5,5.1
2006,Студент 2006,ББМО-01-23,3,4,4.4
2009,Студент 2009,ББМО-01-23,4,5,5.4
2010,Студент 2010,ББМО-01-23,3,4,3.8
2013,Студент 2013,ББМО-01-23,4,5,4.8
2014,Студент 2014,ББМО-01-23,3,4,4.1
2017,Студент 2017,ББМО-01-23,4,5,5.1
2018,Студент 2018,ББМО-01-23,3,4,4.4
2021,Студент 2021,ББМО-01-23,4,5,5.4
2022,Студент 2022,ББМО-01-23,3,4,3.8
2025,Студент 2025,ББМО-01-23,4,5,4.8
2026,Студент 2026,ББМО-01-23,3,4,4.1
2029,Студент 2029,ББМО-01-23,4,5,5.1
2030,Студент 2030,ББМО-01-23,3,4,4.4
2033,Студент 2033,ББМО-01-23,4,5,5.4
2034,Студент 2034,ББМО-01-23,3,4,3.8
2037,Студент 2037,ББМО-01-23,4,5,4.8
2038,Студент 2038,ББМО-01-23,3,4,4.1
2041,Студент 2041,ББМО-01-23,4,5,5.1
2042,Студент 2042,ББМО-01-23,3,4,4.4
2045,Студент 2045,ББМО-01-23,4,5,5.4
2046,Студент 2046,ББМО-01-23,3,4,3.8
2049,Студент 2049,ББМО-01-23,4,5,4.8
2050,Студент 2050,ББМО-01-23,3,4,4.1
2053,Студент 2053,ББМО-01-23,4,5,5.1
2054,Студент 2054,ББМО-01-23,3,4,4.4
2057,Студент 2057,ББМО-01-23,4,5,5.4
2058,Студент 2058,ББМО-01-23,3,4,3.8
2061,Студент 2061,ББМО-01-23,4,5,4.8
2062,Студент 2062,ББМО-01-23,3,4,4.1
2065,Студент 2065,ББМО-01-23,4,5,5.1
2066,Студент 2066,ББМО-01-23,3,4,4.4
2069,Студент 2069,ББМО-01-23,4,5,5.4
2070,Студент 2070,ББМО-01-23,3,4,3.8
2073,Студент 2073,ББМО-01-23,4,5,4.8
2074,Студент 2074,ББМО-01-23,3,4,4.1
2077,Студент 2077,ББМО-01-23,4,5,5.1
2078,Студент 2078,ББМО-01-23,3,4,4.4
2081,Студент 2081,ББМО-01-23,4,5,5.4
2082,Студент 2082,ББМО-01-23,3,4,3.8
2085,Студент 2085,ББМО-01-23,4,5,4.8
2086,Студент 2086,ББМО-01-23,3,4,4.1
2089,Студент 2089,ББМО-01-23,4,5,5.1
2090,Студент 2090,ББМО-01-23,3,4,4.4
2093,Студент 2093,ББМО-01-23,4,5,5.4
2094,Студент 2094,ББМО-01-23,3,4,3.8
2097,Студент 2097,ББМО-01-23,4,5,4.8
2098,Студент 2098,ББМО-01-23,3,4,4.1
2101,Студент 2101,ББМО-01-23,4,5,5.1
2102,Студент 2102,ББМО-01-23,3,4,4.4
2105,Студент 2105,ББМО-01-23,4,5,5.4
2106,Студент 2106,ББМО-01-23,3,4,3.8
2109,Студент 2109,ББМО-01-23,4,5,4.8
2110,Студент 2110,ББМО-01-23,3,4,4.1
2113,Студент 2113,ББМО-01-23,4,5,5.1
2114,Студент 2114,ББМО-01-23,3,4,4.4
2117,Студент 2117,ББМО-01-23,4,5,5.4
2118,Студент 2118,ББМО-01-23,3,4,3.8
2121,Студент 2121,ББМО-01-23,4,5,4.8
2122,Студент 2122,ББМО-01-23,3,4,4.1
2125,Студент 2125,ББМО-01-23,4,5,5.1
2126,Студент 2126,ББМО-01-23,3,4,4.4
2129,Студент 2129,ББМО-01-23,4,5,5.4
2130,Студент 2130,ББМО-01-23,3,4,3.8
2133,Студент 2133,ББМО-01-23,4,5,4.8
2134,Студент 2134,ББМО-01-23,3,4,4.1
2137,Студент 2137,ББМО-01-23,4,5,5.1
2138,Студент 2138,ББМО-01-23,3,4,4.4
2141,Студент 2141,ББМО-01-23,4,5,5.4
2142,Студент 2142,ББМО-01-23,3,4,3.8
2145,Студент 2145,ББМО-01-23,4,5,4.8
2146,Студент 2146,ББМО-01-23,3,4,4.1
2149,Студент 2149,ББМО-01-23,4,5,5.1
2150,Студент 2150,ББМО-01-23,3,4,4.4
2153,Студент 2153,ББМО-01-23,4,5,5.4
2154,Студент 2154,ББМО-01-23,3,4,3.8
2157,Студент 2157,ББМО-01-23,4,5,4.8
2158,Студент 2158,ББМО-01-23,3,4,4.1
2161,Студент 2161,ББМО-01-23,4,5,5.1
2162,Студент 2162,ББМО-01-23,3,4,4.4
2165,Студент 2165,ББМО-01-23,4,5,5.4
2166,Студент 2166,ББМО-01-23,3,4,3.8
2169,Студент 2169,ББМО-01-23,4,5,4.8
2170,Студент 2170,ББМО-01-23,3,4,4.1
2173,Студент 2173,ББМО-01-23,4,5,5.1
2174,Студент 2174,ББМО-01-23,3,4,4.4
2177,Студент 2177,ББМО-01-23,4,5,5.4
2178,Студент 2178,ББМО-01-23,3,4,3.8
2181,Студент 2181,ББМО-01-23,4,5,4.8
2182,Студент 2182,ББМО-01-23,3,4,4.1
2185,Студент 2185,ББМО-01-23,4,5,5.1
2186,Студент 2186,ББМО-01-23,3,4,4.4
2189,Студент 2189,ББМО-01-23,4,5,5.4
2190,Студент 2190,ББМО-01-23,3,4,3.8
2193,Студент 2193,ББМО-01-23,4,5,4.8
2194,Студент 2194,ББМО-01-23,3,4,4.1
2197,Студент 2197,ББМО-01-23,4,5,5.1
2198,Студент 2198,ББМО-01-23,3,4,4.4
2201,Студент 2201,ББМО-01-23,4,5,5.4
2202,Студент 2202,ББМО-01-23,3,4,3.8
2205,Студент 2205,ББМО-01-23,4,5,4.8
2206,Студент 2206,ББМО-01-23,3,4,4.1
2209,Студент 2209,ББМО-01-23,4,5,5.1
2210,Студент 2210,ББМО-01-23,3,4,4.4
2213,Студент 2213,ББМО-01-23,4,5,5.4
2214,Студент 2214,ББМО-01-23,3,4,3.8
2217,Студент 2217,ББМО-01-23,4,5,4.8
2218,Студент 2218,ББМО-01-23,3,4,4.1
2221,Студент 2221,ББМО-01-23,4,5,5.1
2222,Студент 2222,ББМО-01-23,3,4,4.4
2225,Студент 2225,ББМО-01-23,4,5,5.4
2226,Студент 2226,ББМО-01-23,3,4,3.8
2229,Студент 2229,ББМО-01-23,4,5,4.8
2230,Студент 2230,ББМО-01-23,3,4,4.1
2233,Студент 2233,ББМО-01-23,4,5,5.1
2234,Студент 2234,ББМО-01-23,3,4,4.4
2237,Студент 2237,ББМО-01-23,4,5,5.4
2238,Студент 2238,ББМО-01-23,3,4,3.8
2241,Студент 2241,ББМО-01-23,4,5,4.8
2242,Студент 2242,ББМО-01-23,3,4,4.1
2245,Студент 2245,ББМО-01-23,4,5,5.1
2246,Студент 2246,ББМО-01-23,3,4,4.4
2249,Студент 2249,ББМО-01-23,4,5,5.4
2250,Студент 2250,ББМО-01-23,3,4,3.8
2253,Студент 2253,ББМО-01-23,4,5,4.8
2254,Студент 2254,ББМО-01-23,3,4,4.1
2257,Студент 2257,ББМО-01-23,4,5,5.1
2258,Студент 2258,ББМО-01-23,3,4,4.4
2261,Студент 2261,ББМО-01-23,4,5,5.4
2262,Студент 2262,ББМО-01-23,3,4,3.8
2265,Студент 2265,ББМО-01-23,4,5,4.8
2266,Студент 2266,ББМО-01-23,3,4,4.1
2269,Студент 2269,ББМО-01-23,4,5,5.1
2270,Студент 2270,ББМО-01-23,3,4,4.4
2273,Студент 2273,ББМО-01-23,4,5,5.4
2274,Студент 2274,ББМО-01-23,3,4,3.8
2277,Студент 2277,ББМО-01-23,4,5,4.8
2278,Студент 2278,ББМО-01-23,3,4,4.1
2281,Студент 2281,ББМО-01-23,4,5,5.1
2282,Студент 2282,ББМО-01-23,3,4,4.4
2285,Студент 2285,ББМО-01-23,4,5,5.4
2286,Студент 2286,ББМО-01-23,3,4,3.8
2289,Студент 2289,ББМО-01-23,4,5,4.8
2290,Студент 2290,ББМО-01-23,3,4,4.1
2293,Студент 2293,ББМО-01-23,4,5,5.1
2294,Студент 2294,ББМО-01-23,3,4,4.4
2297,Студент 2297,ББМО-01-23,4,5,5.4
2298,Студент 2298,ББМО-01-23,3,4,3.8
2301,Студент 2301,ББМО-01-23,4,5,4.8
2302,Студент 2302,ББМО-01-23,3,4,4.1
2305,Студент 2305,ББМО-01-23,4,5,5.1
2306,Студент 2306,ББМО-01-23,3,4,4.4
2309,Студент 2309,ББМО-01-23,4,5,5.4
2310,Студент 2310,ББМО-01-23,3,4,3.8
2313,Студент 2313,ББМО-01-23,4,5,4.8
2314,Студент 2314,ББМО-01-23,3,4,4.1
2317,Студент 2317,ББМО-01-23,4,5,5.1
2318,Студент 2318,ББМО-01-23,3,4,4.4
2321,Студент 2321,ББМО-01-23,4,5,5.4
2322,Студент 2322,ББМО-01-23,3,4,3.8
2325,Студент 2325,ББМО-01-23,4,5,4.8
2326,Студент 2326,ББМО-01-23,3,4,4.1
2329,Студент 2329,ББМО-01-23,4,5,5.1
2330,Студент 2330,ББМО-01-23,3,4,4.4
2333,Студент 2333,ББМО-01-23,4,5,5.4
2334,Студент 2334,ББМО-01-23,3,4,3.8
2337,Студент 2337,ББМО-01-23,4,5,4.8
2338,Студент 2338,ББМО-01-23,3,4,4.1
2341,Студент 2341,ББМО-01-23,4,5,5.1
2342,Студент 2342,ББМО-01-23,3,4,4.4
2345,Студент 2345,ББМО-01-23,4,5,5.4
2346,Студент 2346,ББМО-01-23,3,4,3.8
2349,Студент 2349,ББМО-01-23,4,5,4.8
2350,Студент 2350,ББМО-01-23,3,4,4.1
2353,Студент 2353,ББМО-01-23,4,5,5.1
2354,Студент 2354,ББМО-01-23,3,4,4.4
2357,Студент 2357,ББМО-01-23,4,5,5.4
2358,Студент 2358,ББМО-01-23,3,4,3.8
2361,Студент 2361,ББМО-01-23,4,5,4.8
2362,Студент 2362,ББМО-01-23,3,4,4.1
2365,Студент 2365,ББМО-01-23,4,5,5.1
2366,Студент 2366,ББМО-01-23,3,4,4.4
2369,Студент 2369,ББМО-01-23,4,5,5.4
2370,Студент 2370,ББМО-01-23,3,4,3.8
2373,Студент 2373,ББМО-01-23,4,5,4.8
2374,Студент 2374,ББМО-01-23,3,4,4.1
2377,Студент 2377,ББМО-01-23,4,5,5.1
2378,Студент 2378,ББМО-01-23,3,4,4.4
2381,Студент 2381,ББМО-01-23,4,5,5.4
2382,Студент 2382,ББМО-01-23,3,4,3.8
2385,Студент 2385,ББМО-01-23,4,5,4.8
2386,Студент 2386,ББМО-01-23,3,4,4.1
2389,Студент 2389,ББМО-01-23,4,5,5.1
2390,Студент 2390,ББМО-01-23,3,4,4.4
2393,Студент 2393,ББМО-01-23,4,5,5.4
2394,Студент 2394,ББМО-01-23,3,4,3.8
2397,Студент 2397,ББМО-01-23,4,5,4.8
2398,Студент 2398,ББМО-01-23,3,4,4.1
2401,Студент 2401,ББМО-01-23,4,5,5.1
2402,Студент 2402,ББМО-01-23,3,4,4.4
2405,Студент 2405,ББМО-01-23,4,5,5.4
2406,Студент 2406,ББМО-01-23,3,4,3.8
2409,Студент 2409,ББМО-01-23,4,5,4.8
2410,Студент 2410,ББМО-01-23,3,4,4.1
2413,Студент 2413,ББМО-01-23,4,5,5.1
2414,Студент 2414,ББМО-01-23,3,4,4.4
2417,Студент 2417,ББМО-01-23,4,5,5.4
2418,Студент 2418,ББМО-01-23,3,4,3.8
2421,Студент 2421,ББМО-01-23,4,5,4.8
2422,Студент 2422,ББМО-01-23,3,4,4.1
2425,Студент 2425,ББМО-01-23,4,5,5.1
2426,Студент 2426,ББМО-01-23,3,4,4.4
2429,Студент 2429,ББМО-01-23,4,5,5.4
2430,Студент 2430,ББМО-01-23,3,4,3.8
2433,Студент 2433,ББМО-01-23,4,5,4.8
2434,Студент 2434,ББМО-01-23,3,4,4.1
2437,Студент 2437,ББМО-01-23,4,5,5.1
2438,Студент 2438,ББМО-01-23,3,4,4.4
2441,Студент 2441,ББМО-01-23,4,5,5.4
2442,Студент 2442,ББМО-01-23,3,4,3.8
2445,Студент 2445,ББМО-01-23,4,5,4.8
2446,Студент 2446,ББМО-01-23,3,4,4.1
2449,Студент 2449,ББМО-01-23,4,5,5.1
2450,Студент 2450,ББМО-01-23,3,4,4.4
2453,Студент 2453,ББМО-01-23,4,5,5.4
2454,Студент 2454,ББМО-01-23,3,4,3.8
2457,Студент 2457,ББМО-01-23,4,5,4.8
2458,Студент 2458,ББМО-01-23,3,4,4.1
2461,Студент 2461,ББМО-01-23,4,5,5.1
2462,Студент 2462,ББМО-01-23,3,4,4.4
2465,Студент 2465,ББМО-01-23,4,5,5.4
2466,Студент 2466,ББМО-01-23,3,4,3.8
2469,Студент 2469,ББМО-01-23,4,5,4.8
2470,Студент 2470,ББМО-01-23,3,4,4.1
2473,Студент 2473,ББМО-01-23,4,5,5.1
2474,Студент 2474,ББМО-01-23,3,4,4.4
2477,Студент 2477,ББМО-01-23,4,5,5.4
2478,Студент 2478,ББМО-01-23,3,4,3.8
2481,Студент 2481,ББМО-01-23,4,5,4.8
2482,Студент 2482,ББМО-01-23,3,4,4.1
2485,Студент 2485,ББМО-01-23,4,5,5.1
2486,Студент 2486,ББМО-01-23,3,4,4.4
2489,Студент 2489,ББМО-01-23,4,5,5.4
2490,Студент 2490,ББМО-01-23,3,4,3.8
2493,Студент 2493,ББМО-01-23,4,5,4.8
2494,Студент 2494,ББМО-01-23,3,4,4.1
2497,Студент 2497,ББМО-01-23,4,5,5.1
2498,Студент 2498,ББМО-01-23,3,4,4.4
2501,Студент 2501,ББМО-01-23,4,5,5.4
2502,Студент 2502,ББМО-01-23,3,4,3.8
2505,Студент 2505,ББМО-01-23,4,5,4.8
2506,Студент 2506,ББМО-01-23,3,4,4.1
2509,Студент 2509,ББМО-01-23,4,5,5.1
2510,Студент 2510,ББМО-01-23,3,4,4.4
2513,Студент 2513,ББМО-01-23,4,5,5.4
2514,Студент 2514,ББМО-01-23,3,4,3.8
2517,Студент 2517,ББМО-01-23,4,5,4.8
2518,Студент 2518,ББМО-01-23,3,4,4.1
2521,Студент 2521,ББМО-01-23,4,5,5.1
2522,Студент 2522,ББМО-01-23,3,4,4.4
2525,Студент 2525,ББМО-01-23,4,5,5.4
2526,Студент 2526,ББМО-01-23,3,4,3.8
2529,Студент 2529,ББМО-01-23,4,5,4.8
2530,Студент 2530,ББМО-01-23,3,4,4.1
2533,Студент 2533,ББМО-01-23,4,5,5.1
2534,Студент 2534,ББМО-01-23,3,4,4.4
2537,Студент 2537,ББМО-01-23,4,5,5.4
2538,Студент 2538,ББМО-01-23,3,4,3.8
2541,Студент 2541,ББМО-01-23,4,5,4.8
2542,Студент 2542,ББМО-01-23,3,4,4.1
2545,Студент 2545,ББМО-01-23,4,5,5.1
2546,Студент 2546,ББМО-01-23,3,4,4.4
2549,Студент 2549,ББМО-01-23,4,5,5.4
2550,Студент 2550,ББМО-01-23,3,4,3.8
2553,Студент 2553,ББМО-01-23,4,5,4.8
2554,Студент 2554,ББМО-01-23,3,4,4.1
2557,Студент 2557,ББМО-01-23,4,5,5.1
2558,Студент 2558,ББМО-01-23,3,4,4.4
2561,Студент 2561,ББМО-01-23,4,5,5.4
2562,Студент 2562,ББМО-01-23,3,4,3.8
2565,Студент 2565,ББМО-01-23,4,5,4.8
2566,Студент 2566,ББМО-01-23,3,4,4.1
2569,Студент 2569,ББМО-01-23,4,5,5.1
2570,Студент 2570,ББМО-01-23,3,4,4.4
2573,Студент 2573,ББМО-01-23,4,5,5.4
2574,Студент 2574,ББМО-01-23,3,4,3.8
2577,Студент 2577,ББМО-01-23,4,5,4.8
2578,Студент 2578,ББМО-01-23,3,4,4.1
2581,Студент 2581,ББМО-01-23,4,5,5.1
2582,Студент 2582,ББМО-01-23,3,4,4.4
2585,Студент 2585,ББМО-01-23,4,5,5.4
2586,Студент 2586,ББМО-01-23,3,4,3.8
2589,Студент 2589,ББМО-01-23,4,5,4.8
2590,Студент 2590,ББМО-01-23,3,4,4.1
2593,Студент 2593,ББМО-01-23,4,5,5.1
2594,Студент 2594,ББМО-01-23,3,4,4.4
2597,Студент 2597,ББМО-01-23,4,5,5.4
2598,Студент 2598,ББМО-01-23,3,4,3.8
2601,Студент 2601,ББМО-01-23,4,5,4.8
2602,Студент 2602,ББМО-01-23,3,4,4.1
2605,Студент 2605,ББМО-01-23,4,5,5.1
2606,Студент 2606,ББМО-01-23,3,4,4.4
2609,Студент 2609,ББМО-01-23,4,5,5.4
2610,Студент 2610,ББМО-01-23,3,4,3.8
2613,Студент 2613,ББМО-01-23,4,5,4.8
2614,Студент 2614,ББМО-01-23,3,4,4.1
2617,Студент 2617,ББМО-01-23,4,5,5.1
2618,Студент 2618,ББМО-01-23,3,4,4.4
2621,Студент 2621,ББМО-01-23,4,5,5.4
2622,Студент 2622,ББМО-01-23,3,4,3.8
2625,Студент 2625,ББМО-01-23,4,5,4.8
2626,Студент 2626,ББМО-01-23,3,4,4.1
2629,Студент 2629,ББМО-01-23,4,5,5.1
2630,Студент 2630,ББМО-01-23,3,4,4.4
2633,Студент 2633,ББМО-01-23,4,5,5.4
2634,Студент 2634,ББМО-01-23,3,4,3.8
2637,Студент 2637,ББМО-01-23,4,5,4.8
2638,Студент 2638,ББМО-01-23,3,4,4.1
2641,Студент 2641,ББМО-01-23,4,5,5.1
2642,Студент 2642,ББМО-01-23,3,4,4.4
2645,Студент 2645,ББМО-01-23,4,5,5.4
2646,Студент 2646,ББМО-01-23,3,4,3.8
2649,Студент 2649,ББМО-01-23,4,5,4.8
2650,Студент 2650,ББМО-01-23,3,4,4.1
2653,Студент 2653,ББМО-01-23,4,5,5.1
2654,Студент 2654,ББМО-01-23,3,4,4.4
2657,Студент 2657,ББМО-01-23,4,5,5.4
2658,Студент 2658,ББМО-01-23,3,4,3.8
2661,Студент 2661,ББМО-01-23,4,5,4.8
2662,Студент 2662,ББМО-01-23,3,4,4.1
2665,Студент 2665,ББМО-01-23,4,5,5.1
2666,Студент 2666,ББМО-01-23,3,4,4.4
2669,Студент 2669,ББМО-01-23,4,5,5.4
2670,Студент 2670,ББМО-01-23,3,4,3.8
2673,Студент 2673,ББМО-01-23,4,5,4.8
2674,Студент 2674,ББМО-01-23,3,4,4.1
2677,Студент 2677,ББМО-01-23,4,5,5.1
2678,Студент 2678,ББМО-01-23,3,4,4.4
2681,Студент 2681,ББМО-01-23,4,5,5.4
2682,Студент 2682,ББМО-01-23,3,4,3.8
2685,Студент 2685,ББМО-01-23,4,5,4.8
2686,Студент 2686,ББМО-01-23,3,4,4.1
2689,Студент 2689,ББМО-01-23,4,5,5.1
2690,Студент 2690,ББМО-01-23,3,4,4.4
2693,Студент 2693,ББМО-01-23,4,5,5.4
2694,Студент 2694,ББМО-01-23,3,4,3.8
2697,Студент 2697,ББМО-01-23,4,5,4.8
2698,Студент 2698,ББМО-01-23,3,4,4.1
2701,Студент 2701,ББМО-01-23,4,5,5.1
2702,Студент 2702,ББМО-01-23,3,4,4.4
2705,Студент 2705,ББМО-01-23,4,5,5.4
2706,Студент 2706,ББМО-01-23,3,4,3.8
2709,Студент 2709,ББМО-01-23,4,5,4.8
2710,Студент 2710,ББМО-01-23,3,4,4.1
2713,Студент 2713,ББМО-01-23,4,5,5.1
2714,Студент 2714,ББМО-01-23,3,4,4.4
2717,Студент 2717,ББМО-01-23,4,5,5.4
2718,Студент 2718,ББМО-01-23,3,4,3.8
2721,Студент 2721,ББМО-01-23,4,5,4.8
2722,Студент 2722,ББМО-01-23,3,4,4.1
2725,Студент 2725,ББМО-01-23,4,5,5.1
2726,Студент 2726,ББМО-01-23,3,4,4.4
2729,Студент 2729,ББМО-01-23,4,5,5.4
2730,Студент 2730,ББМО-01-23,3,4,3.8
2733,Студент 2733,ББМО-01-23,4,5,4.8
2734,Студент 2734,ББМО-01-23,3,4,4.1
2737,Студент 2737,ББМО-01-23,4,5,5.1
2738,Студент 2738,ББМО-01-23,3,4,4.4
2741,Студент 2741,ББМО-01-23,4,5,5.4
2742,Студент 2742,ББМО-01-23,3,4,3.8
2745,Студент 2745,ББМО-01-23,4,5,4.8
2746,Студент 2746,ББМО-01-23,3,4,4.1
2749,Студент 2749,ББМО-01-23,4,5,5.1
2750,Студент 2750,ББМО-01-23,3,4,4.4
2753,Студент 2753,ББМО-01-23,4,5,5.4
2754,Студент 2754,ББМО-01-23,3,4,3.8
2757,Студент 2757,ББМО-01-23,4,5,4.8
2758,Студент 2758,ББМО-01-23,3,4,4.1
2761,Студент 2761,ББМО-01-23,4,5,5.1
2762,Студент 2762,ББМО-01-23,3,4,4.4
2765,Студент 2765,ББМО-01-23,4,5,5.4
2766,Студент 2766,ББМО-01-23,3,4,3.8
2769,Студент 2769,ББМО-01-23,4,5,4.8
2770,Студент 2770,ББМО-01-23,3,4,4.1
2773,Студент 2773,ББМО-01-23,4,5,5.1
2774,Студент 2774,ББМО-01-23,3,4,4.4
2777,Студент 2777,ББМО-01-23,4,5,5.4
2778,Студент 2778,ББМО-01-23,3,4,3.8
2781,Студент 2781,ББМО-01-23,4,5,4.8
2782,Студент 2782,ББМО-01-23,3,4,4.1
2785,Студент 2785,ББМО-01-23,4,5,5.1
2786,Студент 2786,ББМО-01-23,3,4,4.4
2789,Студент 2789,ББМО-01-23,4,5,5.4
2790,Студент 2790,ББМО-01-23,3,4,3.8
2793,Студент 2793,ББМО-01-23,4,5,4.8
2794,Студент 2794,ББМО-01-23,3,4,4.1
2797,Студент 2797,ББМО-01-23,4,5,5.1
2798,Студент 2798,ББМО-01-23,3,4,4.4
2801,Студент 2801,ББМО-01-23,4,5,5.4
2802,Студент 2802,ББМО-01-23,3,4,3.8
2805,Студент 2805,ББМО-01-23,4,5,4.8
2806,Студент 2806,ББМО-01-23,3,4,4.1
2809,Студент 2809,ББМО-01-23,4,5,5.1
2810,Студент 2810,ББМО-01-23,3,4,4.4
2813,Студент 2813,ББМО-01-23,4,5,5.4
2814,Студент 2814,ББМО-01-23,3,4,3.8
2817,Студент 2817,ББМО-01-23,4,5,4.8
2818,Студент 2818,ББМО-01-23,3,4,4.1
2821,Студент 2821,ББМО-01-23,4,5,5.1
2822,Студент 2822,ББМО-01-23,3,4,4.4
2825,Студент 2825,ББМО-01-23,4,5,5.4
2826,Студент 2826,ББМО-01-23,3,4,3.8
2829,Студент 2829,ББМО-01-23,4,5,4.8
2830,Студент 2830,ББМО-01-23,3,4,4.1
2833,Студент 2833,ББМО-01-23,4,5,5.1
2834,Студент 2834,ББМО-01-23,3,4,4.4
2837,Студент 2837,ББМО-01-23,4,5,5.4
2838,Студент 2838,ББМО-01-23,3,4,3.8
2841,Студент 2841,ББМО-01-23,4,5,4.8
2842,Студент 2842,ББМО-01-23,3,4,4.1
2845,Студент 2845,ББМО-01-23,4,5,5.1
2846,Студент 2846,ББМО-01-23,3,4,4.4
2849,Студент 2849,ББМО-01-23,4,5,5.4
2850,Студент 2850,ББМО-01-23,3,4,3.8
2853,Студент 2853,ББМО-01-23,4,5,4.8
2854,Студент 2854,ББМО-01-23,3,4,4.1
2857,Студент 2857,ББМО-01-23,4,5,5.1
2858,Студент 2858,ББМО-01-23,3,4,4.4
2861,Студент 2861,ББМО-01-23,4,5,5.4
2862,Студент 2862,ББМО-01-23,3,4,3.8
2865,Студент 2865,ББМО-01-23,4,5,4.8
2866,Студент 2866,ББМО-01-23,3,4,4.1
2869,Студент 2869,ББМО-01-23,4,5,5.1
2870,Студент 2870,ББМО-01-23,3,4,4.4
2873,Студент 2873,ББМО-01-23,4,5,5.4
2874,Студент 2874,ББМО-01-23,3,4,3.8
2877,Студент 2877,ББМО-01-23,4,5,4.8
2878,Студент 2878,ББМО-01-23,3,4,4.1
2881,Студент 2881,ББМО-01-23,4,5,5.1
2882,Студент 2882,ББМО-01-23,3,4,4.4
2885,Студент 2885,ББМО-01-23,4,5,5.4
2886,Студент 2886,ББМО-01-23,3,4,3.8
2889,Студент 2889,ББМО-01-23,4,5,4.8
2890,Студент 2890,ББМО-01-23,3,4,4.1
2893,Студент 2893,ББМО-01-23,4,5,5.1
2894,Студент 2894,ББМО-01-23,3,4,4.4
2897,Студент 2897,ББМО-01-23,4,5,5.4
2898,Студент 2898,ББМО-01-23,3,4,3.8
2901,Студент 2901,ББМО-01-23,4,5,4.8
2902,Студент 2902,ББМО-01-23,3,4,4.1
2905,Студент 2905,ББМО-01-23,4,5,5.1
2906,Студент 2906,ББМО-01-23,3,4,4.4
2909,Студент 2909,ББМО-01-23,4,5,5.4
2910,Студент 2910,ББМО-01-23,3,4,3.8
2913,Студент 2913,ББМО-01-23,4,5,4.8
2914,Студент 2914,ББМО-01-23,3,4,4.1
2917,Студент 2917,ББМО-01-23,4,5,5.1
2918,Студент 2918,ББМО-01-23,3,4,4.4
2921,Студент 2921,ББМО-01-23,4,5,5.4
2922,Студент 2922,ББМО-01-23,3,4,3.8
2925,Студент 2925,ББМО-01-23,4,5,4.8
2926,Студент 2926,ББМО-01-23,3,4,4.1
2929,Студент 2929,ББМО-01-23,4,5,5.1
2930,Студент 2930,ББМО-01-23,3,4,4.4
2933,Студент 2933,ББМО-01-23,4,5,5.4
2934,Студент 2934,ББМО-01-23,3,4,3.8
2937,Студент 2937,ББМО-01-23,4,5,4.8
2938,Студент 2938,ББМО-01-23,3,4,4.1
2941,Студент 2941,ББМО-01-23,4,5,5.1
2942,Студент 2942,ББМО-01-23,3,4,4.4
2945,Студент 2945,ББМО-01-23,4,5,5.4
2946,Студент 2946,ББМО-01-23,3,4,3.8
2949,Студент 2949,ББМО-01-23,4,5,4.8
2950,Студент 2950,ББМО-01-23,3,4,4.1
2953,Студент 2953,ББМО-01-23,4,5,5.1
2954,Студент 2954,ББМО-01-23,3,4,4.4
2957,Студент 2957,ББМО-01-23,4,5,5.4
2958,Студент 2958,ББМО-01-23,3,4,3.8
2961,Студент 2961,ББМО-01-23,4,5,4.8
2962,Студент 2962,ББМО-01-23,3,4,4.1
2965,Студент 2965,ББМО-01-23,4,5,5.1
2966,Студент 2966,ББМО-01-23,3,4,4.4
2969,Студент 2969,ББМО-01-23,4,5,5.4
2970,Студент 2970,ББМО-01-23,3,4,3.8
2973,Студент 2973,ББМО-01-23,4,5,4.8
2974,Студент 2974,ББМО-01-23,3,4,4.1
2977,Студент 2977,ББМО-01-23,4,5,5.1
2978,Студент 2978,ББМО-01-23,3,4,4.4
2981,Студент 2981,ББМО-01-23,4,5,5.4
2982,Студент 2982,ББМО-01-23,3,4,3.8
2985,Студент 2985,ББМО-01-23,4,5,4.8
2986,Студент 2986,ББМО-01-23,3,4,4.1
2989,Студент 2989,ББМО-01-23,4,5,5.1
2990,Студент 2990,ББМО-01-23,3,4,4.4
2993,Студент 2993,ББМО-01-23,4,5,5.4
2994,Студент 2994,ББМО-01-23,3,4,3.8
2997,Студент 2997,ББМО-01-23,4,5,4.8
2998,Студент 2998,ББМО-01-23,3,4,4.1
3001,Студент 3001,ББМО-01-23,4,5,5.1
3002,Студент 3002,ББМО-01-23,3,4,4.4
3005,Студент 3005,ББМО-01-23,4,5,5.4
3006,Студент 3006,ББМО-01-23,3,4,3.8
3009,Студент 3009,ББМО-01-23,4,5,4.8
3010,Студент 3010,ББМО-01-23,3,4,4.1
3013,Студент 3013,ББМО-01-23,4,5,5.1
3014,Студент 3014,ББМО-01-23,3,4,4.4
3017,Студент 3017,ББМО-01-23,4,5,5.4
3018,Студент 3018,ББМО-01-23,3,4,3.8
3021,Студент 3021,ББМО-01-23,4,5,4.8
3022,Студент 3022,ББМО-01-23,3,4,4.1
3025,Студент 3025,ББМО-01-23,4,5,5.1
3026,Студент 3026,ББМО-01-23,3,4,4.4
3029,Студент 3029,ББМО-01-23,4,5,5.4
3030,Студент 3030,ББМО-01-23,3,4,3.8
3033,Студент 3033,ББМО-01-23,4,5,4.8
3034,Студент 3034,ББМО-01-23,3,4,4.1
3037,Студент 3037,ББМО-01-23,4,5,5.1
3038,Студент 3038,ББМО-01-23,3,4,4.4
3041,Студент 3041,ББМО-01-23,4,5,5.4
3042,Студент 3042,ББМО-01-23,3,4,3.8
3045,Студент 3045,ББМО-01-23,4,5,4.8
3046,Студент 3046,ББМО-01-23,3,4,4.1
3049,Студент 3049,ББМО-01-23,4,5,5.1
3050,Студент 3050,ББМО-01-23,3,4,4.4
3053,Студент 3053,ББМО-01-23,4,5,5.4
3054,Студент 3054,ББМО-01-23,3,4,3.8
3057,Студент 3057,ББМО-01-23,4,5,4.8
3058,Студент 3058,ББМО-01-23,3,4,4.1
3061,Студент 3061,ББМО-01-23,4,5,5.1
3062,Студент 3062,ББМО-01-23,3,4,4.4
3065,Студент 3065,ББМО-01-23,4,5,5.4
3066,Студент 3066,ББМО-01-23,3,4,3.8
3069,Студент 3069,ББМО-01-23,4,5,4.8
3070,Студент 3070,ББМО-01-23,3,4,4.1
3073,Студент 3073,ББМО-01-23,4,5,5.1
3074,Студент 3074,ББМО-01-23,3,4,4.4
3077,Студент 3077,ББМО-01-23,4,5,5.4
3078,Студент 3078,ББМО-01-23,3,4,3.8
3081,Студент 3081,ББМО-01-23,4,5,4.8
3082,Студент 3082,ББМО-01-23,3,4,4.1
3085,Студент 3085,ББМО-01-23,4,5,5.1
3086,Студент 3086,ББМО-01-23,3,4,4.4
3089,Студент 3089,ББМО-01-23,4,5,5.4
3090,Студент 3090,ББМО-01-23,3,4,3.8
3093,Студент 3093,ББМО-01-23,4,5,4.8
3094,Студент 3094,ББМО-01-23,3,4,4.1
3097,Студент 3097,ББМО-01-23,4,5,5.1
3098,Студент 3098,ББМО-01-23,3,4,4.4
3101,Студент 3101,ББМО-01-23,4,5,5.4
3102,Студент 3102,ББМО-01-23,3,4,3.8
3105,Студент 3105,ББМО-01-23,4,5,4.8
3106,Студент 3106,ББМО-01-23,3,4,4.1
3109,Студент 3109,ББМО-01-23,4,5,5.1
3110,Студент 3110,ББМО-01-23,3,4,4.4
3113,Студент 3113,ББМО-01-23,4,5,5.4
3114,Студент 3114,ББМО-01-23,3,4,3.8
3117,Студент 3117,ББМО-01-23,4,5,4.8
3118,Студент 3118,ББМО-01-23,3,4,4.1
3121,Студент 3121,ББМО-01-23,4,5,5.1
3122,Студент 3122,ББМО-01-23,3,4,4.4
3125,Студент 3125,ББМО-01-23,4,5,5.4
3126,Студент 3126,ББМО-01-23,3,4,3.8
3129,Студент 3129,ББМО-01-23,4,5,4.8
3130,Студент 3130,ББМО-01-23,3,4,4.1
3133,Студент 3133,ББМО-01-23,4,5,5.1
3134,Студент 3134,ББМО-01-23,3,4,4.4
3137,Студент 3137,ББМО-01-23,4,5,5.4
3138,Студент 3138,ББМО-01-23,3,4,3.8
3141,Студент 3141,ББМО-01-23,4,5,4.8
3142,Студент 3142,ББМО-01-23,3,4,4.1
3145,Студент 3145,ББМО-01-23,4,5,5.1
3146,Студент 3146,ББМО-01-23,3,4,4.4
3149,Студент 3149,ББМО-01-23,4,5,5.4
3150,Студент 3150,ББМО-01-23,3,4,3.8
3153,Студент 3153,ББМО-01-23,4,5,4.8
3154,Студент 3154,ББМО-01-23,3,4,4.1
3157,Студент 3157,ББМО-01-23,4,5,5.1
3158,Студент 3158,ББМО-01-23,3,4,4.4
3161,Студент 3161,ББМО-01-23,4,5,5.4
3162,Студент 3162,ББМО-01-23,3,4,3.8
3165,Студент 3165,ББМО-01-23,4,5,4.8
3166,Студент 3166,ББМО-01-23,3,4,4.1
3169,Студент 3169,ББМО-01-23,4,5,5.1
3170,Студент 3170,ББМО-01-23,3,4,4.4
3173,Студент 3173,ББМО-01-23,4,5,5.4
3174,Студент 3174,ББМО-01-23,3,4,3.8
3177,Студент 3177,ББМО-01-23,4,5,4.8
3178,Студент 3178,ББМО-01-23,3,4,4.1
3181,Студент 3181,ББМО-01-23,4,5,5.1
3182,Студент 3182,ББМО-01-23,3,4,4.4
3185,Студент 3185,ББМО-01-23,4,5,5.4
3186,Студент 3186,ББМО-01-23,3,4,3.8
3189,Студент 3189,ББМО-01-23,4,5,4.8
3190,Студент 3190,ББМО-01-23,3,4,4.1
3193,Студент 3193,ББМО-01-23,4,5,5.1
3194,Студент 3194,ББМО-01-23,3,4,4.4
3197,Студент 3197,ББМО-01-23,4,5,5.4
3198,Студент 3198,ББМО-01-23,3,4,3.8
3201,Студент 3201,ББМО-01-23,4,5,4.8
3202,Студент 3202,ББМО-01-23,3,4,4.1
3205,Студент 3205,ББМО-01-23,4,5,5.1
3206,Студент 3206,ББМО-01-23,3,4,4.4
3209,Студент 3209,ББМО-01-23,4,5,5.4
3210,Студент 3210,ББМО-01-23,3,4,3.8
3213,Студент 3213,ББМО-01-23,4,5,4.8
3214,Студент 3214,ББМО-01-23,3,4,4.1
3217,Студент 3217,ББМО-01-23,4,5,5.1
3218,Студент 3218,ББМО-01-23,3,4,4.4
3221,Студент 3221,ББМО-01-23,4,5,5.4
3222,Студент 3222,ББМО-01-23,3,4,3.8
3225,Студент 3225,ББМО-01-23,4,5,4.8
3226,Студент 3226,ББМО-01-23,3,4,4.1
3229,Студент 3229,ББМО-01-23,4,5,5.1
3230,Студент 3230,ББМО-01-23,3,4,4.4
3233,Студент 3233,ББМО-01-23,4,5,5.4
3234,Студент 3234,ББМО-01-23,3,4,3.8
3237,Студент 3237,ББМО-01-23,4,5,4.8
3238,Студент 3238,ББМО-01-23,3,4,4.1
3241,Студент 3241,ББМО-01-23,4,5,5.1
3242,Студент 3242,ББМО-01-23,3,4,4.4
3245,Студент 3245,ББМО-01-23,4,5,5.4
3246,Студент 3246,ББМО-01-23,3,4,3.8
3249,Студент 3249,ББМО-01-23,4,5,4.8
3250,Студент 3250,ББМО-01-23,3,4,4.1
3253,Студент 3253,ББМО-01-23,4,5,5.1
3254,Студент 3254,ББМО-01-23,3,4,4.4
3257,Студент 3257,ББМО-01-23,4,5,5.4
3258,Студент 3258,ББМО-01-23,3,4,3.8
3261,Студент 3261,ББМО-01-23,4,5,4.8
3262,Студент 3262,ББМО-01-23,3,4,4.1
3265,Студент 3265,ББМО-01-23,4,5,5.1
3266,Студент 3266,ББМО-01-23,3,4,4.4
3269,Студент 3269,ББМО-01-23,4,5,5.4
3270,Студент 3270,ББМО-01-23,3,4,3.8
3273,Студент 3273,ББМО-01-23,4,5,4.8
3274,Студент 3274,ББМО-01-23,3,4,4.1
3277,Студент 3277,ББМО-01-23,4,5,5.1
3278,Студент 3278,ББМО-01-23,3,4,4.4
3281,Студент 3281,ББМО-01-23,4,5,5.4
3282,Студент 3282,ББМО-01-23,3,4,3.8
3285,Студент 3285,ББМО-01-23,4,5,4.8
3286,Студент 3286,ББМО-01-23,3,4,4.1
3289,Студент 3289,ББМО-01-23,4,5,5.1
3290,Студент 3290,ББМО-01-23,3,4,4.4
3293,Студент 3293,ББМО-01-23,4,5,5.4
3294,Студент 3294,ББМО-01-23,3,4,3.8
3297,Студент 3297,ББМО-01-23,4,5,4.8
3298,Студент 3298,ББМО-01-23,3,4,4.1
3301,Студент 3301,ББМО-01-23,4,5,5.1
3302,Студент 3302,ББМО-01-23,3,4,4.4
3305,Студент 3305,ББМО-01-23,4,5,5.4
3306,Студент 3306,ББМО-01-23,3,4,3.8
3309,Студент 3309,ББМО-01-23,4,5,4.8
3310,Студент 3310,ББМО-01-23,3,4,4.1
3313,Студент 3313,ББМО-01-23,4,5,5.1
3314,Студент 3314,ББМО-01-23,3,4,4.4
3317,Студент 3317,ББМО-01-23,4,5,5.4
3318,Студент 3318,ББМО-01-23,3,4,3.8
3321,Студент 3321,ББМО-01-23,4,5,4.8
3322,Студент 3322,ББМО-01-23,3,4,4.1
3325,Студент 3325,ББМО-01-23,4,5,5.1
3326,Студент 3326,ББМО-01-23,3,4,4.4
3329,Студент 3329,ББМО-01-23,4,5,5.4
3330,Студент 3330,ББМО-01-23,3,4,3.8
3333,Студент 3333,ББМО-01-23,4,5,4.8
3334,Студент 3334,ББМО-01-23,3,4,4.1
3337,Студент 3337,ББМО-01-23,4,5,5.1
3338,Студент 3338,ББМО-01-23,3,4,4.4
3341,Студент 3341,ББМО-01-23,4,5,5.4
3342,Студент 3342,ББМО-01-23,3,4,3.8
3345,Студент 3345,ББМО-01-23,4,5,4.8
3346,Студент 3346,ББМО-01-23,3,4,4.1
3349,Студент 3349,ББМО-01-23,4,5,5.1
3350,Студент 3350,ББМО-01-23,3,4,4.4
3353,Студент 3353,ББМО-01-23,4,5,5.4
3354,Студент 3354,ББМО-01-23,3,4,3.8
3357,Студент 3357,ББМО-01-23,4,5,4.8
3358,Студент 3358,ББМО-01-23,3,4,4.1
3361,Студент 3361,ББМО-01-23,4,5,5.1
3362,Студент 3362,ББМО-01-23,3,4,4.4
3365,Студент 3365,ББМО-01-23,4,5,5.4
3366,Студент 3366,ББМО-01-23,3,4,3.8
3369,Студент 3369,ББМО-01-23,4,5,4.8
3370,Студент 3370,ББМО-01-23,3,4,4.1
3373,Студент 3373,ББМО-01-23,4,5,5.1
3374,Студент 3374,ББМО-01-23,3,4,4.4
3377,Студент 3377,ББМО-01-23,4,5,5.4
3378,Студент 3378,ББМО-01-23,3,4,3.8
3381,Студент 3381,ББМО-01-23,4,5,4.8
3382,Студент 3382,ББМО-01-23,3,4,4.1
3385,Студент 3385,ББМО-01-23,4,5,5.1
3386,Студент 3386,ББМО-01-23,3,4,4.4
3389,Студент 3389,ББМО-01-23,4,5,5.4
3390,Студент 3390,ББМО-01-23,3,4,3.8
3393,Студент 3393,ББМО-01-23,4,5,4.8
3394,Студент 3394,ББМО-01-23,3,4,4.1
3397,Студент 3397,ББМО-01-23,4,5,5.1
3398,Студент 3398,ББМО-01-23,3,4,4.4
3401,Студент 3401,ББМО-01-23,4,5,5.4
3402,Студент 3402,ББМО-01-23,3,4,3.8
3405,Студент 3405,ББМО-01-23,4,5,4.8
3406,Студент 3406,ББМО-01-23,3,4,4.1
3409,Студент 3409,ББМО-01-23,4,5,5.1
3410,Студент 3410,ББМО-01-23,3,4,4.4
3413,Студент 3413,ББМО-01-23,4,5,5.4
3414,Студент 3414,ББМО-01-23,3,4,3.8
3417,Студент 3417,ББМО-01-23,4,5,4.8
3418,Студент 3418,ББМО-01-23,3,4,4.1
3421,Студент 3421,ББМО-01-23,4,5,5.1
3422,Студент 3422,ББМО-01-23,3,4,4.4
3425,Студент 3425,ББМО-01-23,4,5,5.4
3426,Студент 3426,ББМО-01-23,3,4,3.8
3429,Студент 3429,ББМО-01-23,4,5,4.8
3430,Студент 3430,ББМО-01-23,3,4,4.1
3433,Студент 3433,ББМО-01-23,4,5,5.1
3434,Студент 3434,ББМО-01-23,3,4,4.4
3437,Студент 3437,ББМО-01-23,4,5,5.4
3438,Студент 3438,ББМО-01-23,3,4,3.8
3441,Студент 3441,ББМО-01-23,4,5,4.8
3442,Студент 3442,ББМО-01-23,3,4,4.1
3445,Студент 3445,ББМО-01-23,4,5,5.1
3446,Студент 3446,ББМО-01-23,3,4,4.4
3449,Студент 3449,ББМО-01-23,4,5,5.4
3450,Студент 3450,ББМО-01-23,3,4,3.8
3453,Студент 3453,ББМО-01-23,4,5,4.8
3454,Студент 3454,ББМО-01-23,3,4,4.1
3457,Студент 3457,ББМО-01-23,4,5,5.1
3458,Студент 3458,ББМО-01-23,3,4,4.4
3461,Студент 3461,ББМО-01-23,4,5,5.4
3462,Студент 3462,ББМО-01-23,3,4,3.8
3465,Студент 3465,ББМО-01-23,4,5,4.8
3466,Студент 3466,ББМО-01-23,3,4,4.1
3469,Студент 3469,ББМО-01-23,4,5,5.1
3470,Студент 3470,ББМО-01-23,3,4,4.4
3473,Студент 3473,ББМО-01-23,4,5,5.4
3474,Студент 3474,ББМО-01-23,3,4,3.8
3477,Студент 3477,ББМО-01-23,4,5,4.8
3478,Студент 3478,ББМО-01-23,3,4,4.1
3481,Студент 3481,ББМО-01-23,4,5,5.1
3482,Студент 3482,ББМО-01-23,3,4,4.4
3485,Студент 3485,ББМО-01-23,4,5,5.4
3486,Студент 3486,ББМО-01-23,3,4,3.8
3489,Студент 3489,ББМО-01-23,4,5,4.8
3490,Студент 3490,ББМО-01-23,3,4,4.1
3493,Студент 3493,ББМО-01-23,4,5,5.1
3494,Студент 3494,ББМО-01-23,3,4,4.4
3497,Студент 3497,ББМО-01-23,4,5,5.4
3498,Студент 3498,ББМО-01-23,3,4,3.8
3501,Студент 3501,ББМО-01-23,4,5,4.8
3502,Студент 3502,ББМО-01-23,3,4,4.1
3505,Студент 3505,ББМО-01-23,4,5,5.1
3506,Студент 3506,ББМО-01-23,3,4,4.4
3509,Студент 3509,ББМО-01-23,4,5,5.4
3510,Студент 3510,ББМО-01-23,3,4,3.8
3513,Студент 3513,ББМО-01-23,4,5,4.8
3514,Студент 3514,ББМО-01-23,3,4,4.1
3517,Студент 3517,ББМО-01-23,4,5,5.1
3518,Студент 3518,ББМО-01-23,3,4,4.4
3521,Студент 3521,ББМО-01-23,4,5,5.4
3522,Студент 3522,ББМО-01-23,3,4,3.8
3525,Студент 3525,ББМО-01-23,4,5,4.8
3526,Студент 3526,ББМО-01-23,3,4,4.1
3529,Студент 3529,ББМО-01-23,4,5,5.1
3530,Студент 3530,ББМО-01-23,3,4,4.4
3533,Студент 3533,ББМО-01-23,4,5,5.4
3534,Студент 3534,ББМО-01-23,3,4,3.8
3537,Студент 3537,ББМО-01-23,4,5,4.8
3538,Студент 3538,ББМО-01-23,3,4,4.1
3541,Студент 3541,ББМО-01-23,4,5,5.1
3542,Студент 3542,ББМО-01-23,3,4,4.4
3545,Студент 3545,ББМО-01-23,4,5,5.4
3546,Студент 3546,ББМО-01-23,3,4,3.8
3549,Студент 3549,ББМО-01-23,4,5,4.8
3550,Студент 3550,ББМО-01-23,3,4,4.1
3553,Студент 3553,ББМО-01-23,4,5,5.1
3554,Студент 3554,ББМО-01-23,3,4,4.4
3557,Студент 3557,ББМО-01-23,4,5,5.4
3558,Студент 3558,ББМО-01-23,3,4,3.8
3561,Студент 3561,ББМО-01-23,4,5,4.8
3562,Студент 3562,ББМО-01-23,3,4,4.1
3565,Студент 3565,ББМО-01-23,4,5,5.1
3566,Студент 3566,ББМО-01-23,3,4,4.4
3569,Студент 3569,ББМО-01-23,4,5,5.4
3570,Студент 3570,ББМО-01-23,3,4,3.8
3573,Студент 3573,ББМО-01-23,4,5,4.8
3574,Студент 3574,ББМО-01-23,3,4,4.1
3577,Студент 3577,ББМО-01-23,4,5,5.1
3578,Студент 3578,ББМО-01-23,3,4,4.4
3581,Студент 3581,ББМО-01-23,4,5,5.4
3582,Студент 3582,ББМО-01-23,3,4,3.8
3585,Студент 3585,ББМО-01-23,4,5,4.8
3586,Студент 3586,ББМО-01-23,3,4,4.1
3589,Студент 3589,ББМО-01-23,4,5,5.1
3590,Студент 3590,ББМО-01-23,3,4,4.4
3593,Студент 3593,ББМО-01-23,4,5,5.4
3594,Студент 3594,ББМО-01-23,3,4,3.8
3597,Студент 3597,ББМО-01-23,4,5,4.8
3598,Студент 3598,ББМО-01-23,3,4,4.1
3601,Студент 3601,ББМО-01-23,4,5,5.1
3602,Студент 3602,ББМО-01-23,3,4,4.4
3605,Студент 3605,ББМО-01-23,4,5,5.4
3606,Студент 3606,ББМО-01-23,3,4,3.8
3609,Студент 3609,ББМО-01-23,4,5,4.8
3610,Студент 3610,ББМО-01-23,3,4,4.1
3613,Студент 3613,ББМО-01-23,4,5,5.1
3614,Студент 3614,ББМО-01-23,3,4,4.4
3617,Студент 3617,ББМО-01-23,4,5,5.4
3618,Студент 3618,ББМО-01-23,3,4,3.8
3621,Студент 3621,ББМО-01-23,4,5,4.8
3622,Студент 3622,ББМО-01-23,3,4,4.1
3625,Студент 3625,ББМО-01-23,4,5,5.1
3626,Студент 3626,ББМО-01-23,3,4,4.4
3629,Студент 3629,ББМО-01-23,4,5,5.4
3630,Студент 3630,ББМО-01-23,3,4,3.8
3633,Студент 3633,ББМО-01-23,4,5,4.8
3634,Студент 3634,ББМО-01-23,3,4,4.1
3637,Студент 3637,ББМО-01-23,4,5,5.1
3638,Студент 3638,ББМО-01-23,3,4,4.4
3641,Студент 3641,ББМО-01-23,4,5,5.4
3642,Студент 3642,ББМО-01-23,3,4,3.8
3645,Студент 3645,ББМО-01-23,4,5,4.8
3646,Студент 3646,ББМО-01-23,3,4,4.1
3649,Студент 3649,ББМО-01-23,4,5,5.1
3650,Студент 3650,ББМО-01-23,3,4,4.4
3653,Студент 3653,ББМО-01-23,4,5,5.4
3654,Студент 3654,ББМО-01-23,3,4,3.8
3657,Студент 3657,ББМО-01-23,4,5,4.8
3658,Студент 3658,ББМО-01-23,3,4,4.1
3661,Студент 3661,ББМО-01-23,4,5,5.1
3662,Студент 3662,ББМО-01-23,3,4,4.4
3665,Студент 3665,ББМО-01-23,4,5,5.4
3666,Студент 3666,ББМО-01-23,3,4,3.8
3669,Студент 3669,ББМО-01-23,4,5,4.8
3670,Студент 3670,ББМО-01-23,3,4,4.1
3673,Студент 3673,ББМО-01-23,4,5,5.1
3674,Студент 3674,ББМО-01-23,3,4,4.4
3677,Студент 3677,ББМО-01-23,4,5,5.4
3678,Студент 3678,ББМО-01-23,3,4,3.8
3681,Студент 3681,ББМО-01-23,4,5,4.8
3682,Студент 3682,ББМО-01-23,3,4,4.1
3685,Студент 3685,ББМО-01-23,4,5,5.1
3686,Студент 3686,ББМО-01-23,3,4,4.4
3689,Студент 3689,ББМО-01-23,4,5,5.4
3690,Студент 3690,ББМО-01-23,3,4,3.8
3693,Студент 3693,ББМО-01-23,4,5,4.8
3694,Студент 3694,ББМО-01-23,3,4,4.1
3697,Студент 3697,ББМО-01-23,4,5,5.1
3698,Студент 3698,ББМО-01-23,3,4,4.4
3701,Студент 3701,ББМО-01-23,4,5,5.4
3702,Студент 3702,ББМО-01-23,3,4,3.8
3705,Студент 3705,ББМО-01-23,4,5,4.8
3706,Студент 3706,ББМО-01-23,3,4,4.1
3709,Студент 3709,ББМО-01-23,4,5,5.1
3710,Студент 3710,ББМО-01-23,3,4,4.4
3713,Студент 3713,ББМО-01-23,4,5,5.4
3714,Студент 3714,ББМО-01-23,3,4,3.8
3717,Студент 3717,ББМО-01-23,4,5,4.8
3718,Студент 3718,ББМО-01-23,3,4,4.1
3721,Студент 3721,ББМО-01-23,4,5,5.1
3722,Студент 3722,ББМО-01-23,3,4,4.4
3725,Студент 3725,ББМО-01-23,4,5,5.4
3726,Студент 3726,ББМО-01-23,3,4,3.8
3729,Студент 3729,ББМО-01-23,4,5,4.8
3730,Студент 3730,ББМО-01-23,3,4,4.1
3733,Студент 3733,ББМО-01-23,4,5,5.1
3734,Студент 3734,ББМО-01-23,3,4,4.4
3737,Студент 3737,ББМО-01-23,4,5,5.4
3738,Студент 3738,ББМО-01-23,3,4,3.8
3741,Студент 3741,ББМО-01-23,4,5,4.8
3742,Студент 3742,ББМО-01-23,3,4,4.1
3745,Студент 3745,ББМО-01-23,4,5,5.1
3746,Студент 3746,ББМО-01-23,3,4,4.4
3749,Студент 3749,ББМО-01-23,4,5,5.4
3750,Студент 3750,ББМО-01-23,3,4,3.8
3753,Студент 3753,ББМО-01-23,4,5,4.8
3754,Студент 3754,ББМО-01-23,3,4,4.1
3757,Студент 3757,ББМО-01-23,4,5,5.1
3758,Студент 3758,ББМО-01-23,3,4,4.4
3761,Студент 3761,ББМО-01-23,4,5,5.4
3762,Студент 3762,ББМО-01-23,3,4,3.8
3765,Студент 3765,ББМО-01-23,4,5,4.8
3766,Студент 3766,ББМО-01-23,3,4,4.1
3769,Студент 3769,ББМО-01-23,4,5,5.1
3770,Студент 3770,ББМО-01-23,3,4,4.4
3773,Студент 3773,ББМО-01-23,4,5,5.4
3774,Студент 3774,ББМО-01-23,3,4,3.8
3777,Студент 3777,ББМО-01-23,4,5,4.8
3778,Студент 3778,ББМО-01-23,3,4,4.1
3781,Студент 3781,ББМО-01-23,4,5,5.1
3782,Студент 3782,ББМО-01-23,3,4,4.4
3785,Студент 3785,ББМО-01-23,4,5,5.4
3786,Студент 3786,ББМО-01-23,3,4,3.8
3789,Студент 3789,ББМО-01-23,4,5,4.8
3790,Студент 3790,ББМО-01-23,3,4,4.1
3793,Студент 3793,ББМО-01-23,4,5,5.1
3794,Студент 3794,ББМО-01-23,3,4,4.4
3797,Студент 3797,ББМО-01-23,4,5,5.4
3798,Студент 3798,ББМО-01-23,3,4,3.8
3801,Студент 3801,ББМО-01-23,4,5,4.8
3802,Студент 3802,ББМО-01-23,3,4,4.1
3805,Студент 3805,ББМО-01-23,4,5,5.1
3806,Студент 3806,ББМО-01-23,3,4,4.4
3809,Студент 3809,ББМО-01-23,4,5,5.4
3810,Студент 3810,ББМО-01-23,3,4,3.8
3813,Студент 3813,ББМО-01-23,4,5,4.8
3814,Студент 3814,ББМО-01-23,3,4,4.1
3817,Студент 3817,ББМО-01-23,4,5,5.1
3818,Студент 3818,ББМО-01-23,3,4,4.4
3821,Студент 3821,ББМО-01-23,4,5,5.4
3822,Студент 3822,ББМО-01-23,3,4,3.8
3825,Студент 3825,ББМО-01-23,4,5,4.8
3826,Студент 3826,ББМО-01-23,3,4,4.1
3829,Студент 3829,ББМО-01-23,4,5,5.1
3830,Студент 3830,ББМО-01-23,3,4,4.4
3833,Студент 3833,ББМО-01-23,4,5,5.4
3834,Студент 3834,ББМО-01-23,3,4,3.8
3837,Студент 3837,ББМО-01-23,4,5,4.8
3838,Студент 3838,ББМО-01-23,3,4,4.1
3841,Студент 3841,ББМО-01-23,4,5,5.1
3842,Студент 3842,ББМО-01-23,3,4,4.4
3845,Студент 3845,ББМО-01-23,4,5,5.4
3846,Студент 3846,ББМО-01-23,3,4,3.8
3849,Студент 3849,ББМО-01-23,4,5,4.8
3850,Студент 3850,ББМО-01-23,3,4,4.1
3853,Студент 3853,ББМО-01-23,4,5,5.1
3854,Студент 3854,ББМО-01-23,3,4,4.4
3857,Студент 3857,ББМО-01-23,4,5,5.4
3858,Студент 3858,ББМО-01-23,3,4,3.8
3861,Студент 3861,ББМО-01-23,4,5,4.8
3862,Студент 3862,ББМО-01-23,3,4,4.1
3865,Студент 3865,ББМО-01-23,4,5,5.1
3866,Студент 3866,ББМО-01-23,3,4,4.4
3869,Студент 3869,ББМО-01-23,4,5,5.4
3870,Студент 3870,ББМО-01-23,3,4,3.8
3873,Студент 3873,ББМО-01-23,4,5,4.8
3874,Студент 3874,ББМО-01-23,3,4,4.1
3877,Студент 3877,ББМО-01-23,4,5,5.1
3878,Студент 3878,ББМО-01-23,3,4,4.4
3881,Студент 3881,ББМО-01-23,4,5,5.4
3882,Студент 3882,ББМО-01-23,3,4,3.8
3886,Студент 3886,ББМО-01-23,3,4,4.1
3889,Студент 3889,ББМО-01-23,4,5,5.1
3890,Студент 3890,ББМО-01-23,3,4,4.4
3893,Студент 3893,ББМО-01-23,4,5,5.4
3894,Студент 3894,ББМО-01-23,3,4,3.8
3897,Студент 3897,ББМО-01-23,4,5,4.8
3898,Студент 3898,ББМО-01-23,3,4,4.1
3901,Студент 3901,ББМО-01-23,4,5,5.1
3902,Студент 3902,ББМО-01-23,3,4,4.4
3905,Студент 3905,ББМО-01-23,4,5,5.4
3906,Студент 3906,ББМО-01-23,3,4,3.8
3909,Студент 3909,ББМО-01-23,4,5,4.8
3910,Студент 3910,ББМО-01-23,3,4,4.1
3913,Студент 3913,ББМО-01-23,4,5,5.1
3914,Студент 3914,ББМО-01-23,3,4,4.4
3917,Студент 3917,ББМО-01-23,4,5,5.4
3918,Студент 3918,ББМО-01-23,3,4,3.8
3921,Студент 3921,ББМО-01-23,4,5,4.8
3922,Студент 3922,ББМО-01-23,3,4,4.1
3925,Студент 3925,ББМО-01-23,4,5,5.1
3926,Студент 3926,ББМО-01-23,3,4,4.4
3929,Студент 3929,ББМО-01-23,4,5,5.4
3930,Студент 3930,ББМО-01-23,3,4,3.8
3933,Студент 3933,ББМО-01-23,4,5,4.8
3934,Студент 3934,ББМО-01-23,3,4,4.1
3937,Студент 3937,ББМО-01-23,4,5,5.1
3938,Студент 3938,ББМО-01-23,3,4,4.4
3941,Студент 3941,ББМО-01-23,4,5,5.4
3942,Студент 3942,ББМО-01-23,3,4,3.8
3945,Студент 3945,ББМО-01-23,4,5,4.8
3946,Студент 3946,ББМО-01-23,3,4,4.1
3949,Студент 3949,ББМО-01-23,4,5,5.1
3950,Студент 3950,ББМО-01-23,3,4,4.4
3953,Студент 3953,ББМО-01-23,4,5,5.4
3954,Студент 3954,ББМО-01-23,3,4,3.8
3957,Студент 3957,ББМО-01-23,4,5,4.8
3958,Студент 3958,ББМО-01-23,3,4,4.1
3961,Студент 3961,ББМО-01-23,4,5,5.1
3962,Студент 3962,ББМО-01-23,3,4,4.4
3965,Студент 3965,ББМО-01-23,4,5,5.4
3966,Студент 3966,ББМО-01-23,3,4,3.8
3969,Студент 3969,ББМО-01-23,4,5,4.8
3970,Студент 3970,ББМО-01-23,3,4,4.1
3973,Студент 3973,ББМО-01-23,4,5,5.1
3974,Студент 3974,ББМО-01-23,3,4,4.4
3977,Студент 3977,ББМО-01-23,4,5,5.4
3978,Студент 3978,ББМО-01-23,3,4,3.8
3981,Студент 3981,ББМО-01-23,4,5,4.8
3982,Студент 3982,ББМО-01-23,3,4,4.1
3985,Студент 3985,ББМО-01-23,4,5,5.1
3986,Студент 3986,ББМО-01-23,3,4,4.4
3989,Студент 3989,ББМО-01-23,4,5,5.4
3990,Студент 3990,ББМО-01-23,3,4,3.8
3993,Студент 3993,ББМО-01-23,4,5,4.8
3994,Студент 3994,ББМО-01-23,3,4,4.1
3997,Студент 3997,ББМО-01-23,4,5,5.1
3998,Студент 3998,ББМО-01-23,3,4,4.4
4001,Студент 4001,ББМО-01-23,4,5,5.4
4002,Студент 4002,ББМО-01-23,3,4,3.8
4005,Студент 4005,ББМО-01-23,4,5,4.8
4006,Студент 4006,ББМО-01-23,3,4,4.1
4009,Студент 4009,ББМО-01-23,4,5,5.1
4010,Студент 4010,ББМО-01-23,3,4,4.4
4013,Студент 4013,ББМО-01-23,4,5,5.4
4014,Студент 4014,ББМО-01-23,3,4,3.8
4017,Студент 4017,ББМО-01-23,4,5,4.8
4018,Студент 4018,ББМО-01-23,3,4,4.1
4021,Студент 4021,ББМО-01-23,4,5,5.1
4022,Студент 4022,ББМО-01-23,3,4,4.4
4025,Студент 4025,ББМО-01-23,4,5,5.4
4026,Студент 4026,ББМО-01-23,3,4,3.8
4029,Студент 4029,ББМО-01-23,4,5,4.8
4030,Студент 4030,ББМО-01-23,3,4,4.1
4033,Студент 4033,ББМО-01-23,4,5,5.1
4034,Студент 4034,ББМО-01-23,3,4,4.4
4037,Студент 4037,ББМО-01-23,4,5,5.4
4038,Студент 4038,ББМО-01-23,3,4,3.8
4041,Студент 4041,ББМО-01-23,4,5,4.8
4042,Студент 4042,ББМО-01-23,3,4,4.1
4045,Студент 4045,ББМО-01-23,4,5,5.1
4046,Студент 4046,ББМО-01-23,3,4,4.4
4049,Студент 4049,ББМО-01-23,4,5,5.4
4050,Студент 4050,ББМО-01-23,3,4,3.8
4053,Студент 4053,ББМО-01-23,4,5,4.8
4054,Студент 4054,ББМО-01-23,3,4,4.1
4057,Студент 4057,ББМО-01-23,4,5,5.1
4058,Студент 4058,ББМО-01-23,3,4,4.4
4061,Студент 4061,ББМО-01-23,4,5,5.4
4062,Студент 4062,ББМО-01-23,3,4,3.8
4065,Студент 4065,ББМО-01-23,4,5,4.8
4066,Студент 4066,ББМО-01-23,3,4,4.1
4069,Студент 4069,ББМО-01-23,4,5,5.1
4070,Студент 4070,ББМО-01-23,3,4,4.4
4073,Студент 4073,ББМО-01-23,4,5,5.4
4074,Студент 4074,ББМО-01-23,3,4,3.8
4077,Студент 4077,ББМО-01-23,4,5,4.8
4078,Студент 4078,ББМО-01-23,3,4,4.1
4081,Студент 4081,ББМО-01-23,4,5,5.1
4082,Студент 4082,ББМО-01-23,3,4,4.4
4085,Студент 4085,ББМО-01-23,4,5,5.4
4086,Студент 4086,ББМО-01-23,3,4,3.8
4089,Студент 4089,ББМО-01-23,4,5,4.8
4090,Студент 4090,ББМО-01-23,3,4,4.1
4093,Студент 4093,ББМО-01-23,4,5,5.1
4094,Студент 4094,ББМО-01-23,3,4,4.4
4097,Студент 4097,ББМО-01-23,4,5,5.4
4098,Студент 4098,ББМО-01-23,3,4,3.8
4101,Студент 4101,ББМО-01-23,4,5,4.8
4102,Студент 4102,ББМО-01-23,3,4,4.1
4105,Студент 4105,ББМО-01-23,4,5,5.1
4106,Студент 4106,ББМО-01-23,3,4,4.4
4109,Студент 4109,ББМО-01-23,4,5,5.4
4110,Студент 4110,ББМО-01-23,3,4,3.8
4113,Студент 4113,ББМО-01-23,4,5,4.8
4114,Студент 4114,ББМО-01-23,3,4,4.1
4117,Студент 4117,ББМО-01-23,4,5,5.1
4118,Студент 4118,ББМО-01-23,3,4,4.4
4121,Студент 4121,ББМО-01-23,4,5,5.4
4122,Студент 4122,ББМО-01-23,3,4,3.8
4125,Студент 4125,ББМО-01-23,4,5,4.8
4126,Студент 4126,ББМО-01-23,3,4,4.1
4129,Студент 4129,ББМО-01-23,4,5,5.1
4130,Студент 4130,ББМО-01-23,3,4,4.4
4133,Студент 4133,ББМО-01-23,4,5,5.4
4134,Студент 4134,ББМО-01-23,3,4,3.8
4137,Студент 4137,ББМО-01-23,4,5,4.8
4138,Студент 4138,ББМО-01-23,3,4,4.1
4141,Студент 4141,ББМО-01-23,4,5,5.1
4142,Студент 4142,ББМО-01-23,3,4,4.4
4145,Студент 4145,ББМО-01-23,4,5,5.4
4146,Студент 4146,ББМО-01-23,3,4,3.8
4149,Студент 4149,ББМО-01-23,4,5,4.8
4150,Студент 4150,ББМО-01-23,3,4,4.1
4153,Студент 4153,ББМО-01-23,4,5,5.1
4154,Студент 4154,ББМО-01-23,3,4,4.4
4157,Студент 4157,ББМО-01-23,4,5,5.4
4158,Студент 4158,ББМО-01-23,3,4,3.8
4161,Студент 4161,ББМО-01-23,4,5,4.8
4162,Студент 4162,ББМО-01-23,3,4,4.1
4165,Студент 4165,ББМО-01-23,4,5,5.1
4166,Студент 4166,ББМО-01-23,3,4,4.4
4169,Студент 4169,ББМО-01-23,4,5,5.4
4170,Студент 4170,ББМО-01-23,3,4,3.8
4173,Студент 4173,ББМО-01-23,4,5,4.8
4174,Студент 4174,ББМО-01-23,3,4,4.1
4177,Студент 4177,ББМО-01-23,4,5,5.1
4178,Студент 4178,ББМО-01-23,3,4,4.4
4181,Студент 4181,ББМО-01-23,4,5,5.4
4182,Студент 4182,ББМО-01-23,3,4,3.8
4185,Студент 4185,ББМО-01-23,4,5,4.8
4186,Студент 4186,ББМО-01-23,3,4,4.1
4189,Студент 4189,ББМО-01-23,4,5,5.1
4190,Студент 4190,ББМО-01-23,3,4,4.4
4193,Студент 4193,ББМО-01-23,4,5,5.4
4194,Студент 4194,ББМО-01-23,3,4,3.8
4197,Студент 4197,ББМО-01-23,4,5,4.8
4198,Студент 4198,ББМО-01-23,3,4,4.1
4201,Студент 4201,ББМО-01-23,4,5,5.1
4202,Студент 4202,ББМО-01-23,3,4,4.4
4205,Студент 4205,ББМО-01-23,4,5,5.4
4206,Студент 4206,ББМО-01-23,3,4,3.8
4209,Студент 4209,ББМО-01-23,4,5,4.8
4210,Студент 4210,ББМО-01-23,3,4,4.1
4213,Студент 4213,ББМО-01-23,4,5,5.1
4214,Студент 4214,ББМО-01-23,3,4,4.4
4217,Студент 4217,ББМО-01-23,4,5,5.4
4218,Студент 4218,ББМО-01-23,3,4,3.8
4221,Студент 4221,ББМО-01-23,4,5,4.8
4222,Студент 4222,ББМО-01-23,3,4,4.1
4225,Студент 4225,ББМО-01-23,4,5,5.1
4226,Студент 4226,ББМО-01-23,3,4,4.4
4229,Студент 4229,ББМО-01-23,4,5,5.4
4230,Студент 4230,ББМО-01-23,3,4,3.8
4233,Студент 4233,ББМО-01-23,4,5,4.8
4234,Студент 4234,ББМО-01-23,3,4,4.1
4237,Студент 4237,ББМО-01-23,4,5,5.1
4238,Студент 4238,ББМО-01-23,3,4,4.4
4241,Студент 4241,ББМО-01-23,4,5,5.4
4242,Студент 4242,ББМО-01-23,3,4,3.8
4245,Студент 4245,ББМО-01-23,4,5,4.8
4246,Студент 4246,ББМО-01-23,3,4,4.1
4249,Студент 4249,ББМО-01-23,4,5,5.1
4250,Студент 4250,ББМО-01-23,3,4,4.4
4253,Студент 4253,ББМО-01-23,4,5,5.4
4254,Студент 4254,ББМО-01-23,3,4,3.8
4257,Студент 4257,ББМО-01-23,4,5,4.8
4258,Студент 4258,ББМО-01-23,3,4,4.1
4261,Студент 4261,ББМО-01-23,4,5,5.1
4262,Студент 4262,ББМО-01-23,3,4,4.4
4265,Студент 4265,ББМО-01-23,4,5,5.4
4266,Студент 4266,ББМО-01-23,3,4,3.8
4269,Студент 4269,ББМО-01-23,4,5,4.8
4270,Студент 4270,ББМО-01-23,3,4,4.1
4273,Студент 4273,ББМО-01-23,4,5,5.1
4274,Студент 4274,ББМО-01-23,3,4,4.4
4277,Студент 4277,ББМО-01-23,4,5,5.4
4278,Студент 4278,ББМО-01-23,3,4,3.8
4281,Студент 4281,ББМО-01-23,4,5,4.8
4282,Студент 4282,ББМО-01-23,3,4,4.1
4285,Студент 4285,ББМО-01-23,4,5,5.1
4286,Студент 4286,ББМО-01-23,3,4,4.4
4289,Студент 4289,ББМО-01-23,4,5,5.4
4290,Студент 4290,ББМО-01-23,3,4,3.8
4293,Студент 4293,ББМО-01-23,4,5,4.8
4294,Студент 4294,ББМО-01-23,3,4,4.1
4297,Студент 4297,ББМО-01-23,4,5,5.1
4298,Студент 4298,ББМО-01-23,3,4,4.4
4301,Студент 4301,ББМО-01-23,4,5,5.4
4302,Студент 4302,ББМО-01-23,3,4,3.8
4305,Студент 4305,ББМО-01-23,4,5,4.8
4306,Студент 4306,ББМО-01-23,3,4,4.1
4309,Студент 4309,ББМО-01-23,4,5,5.1
4310,Студент 4310,ББМО-01-23,3,4,4.4
4313,Студент 4313,ББМО-01-23,4,5,5.4
4314,Студент 4314,ББМО-01-23,3,4,3.8
4317,Студент 4317,ББМО-01-23,4,5,4.8
4318,Студент 4318,ББМО-01-23,3,4,4.1
4321,Студент 4321,ББМО-01-23,4,5,5.1
4322,Студент 4322,ББМО-01-23,3,4,4.4
4325,Студент 4325,ББМО-01-23,4,5,5.4
4326,Студент 4326,ББМО-01-23,3,4,3.8
4329,Студент 4329,ББМО-01-23,4,5,4.8
4330,Студент 4330,ББМО-01-23,3,4,4.1
4333,Студент 4333,ББМО-01-23,4,5,5.1
4334,Студент 4334,ББМО-01-23,3,4,4.4
4337,Студент 4337,ББМО-01-23,4,5,5.4
4338,Студент 4338,ББМО-01-23,3,4,3.8
4341,Студент 4341,ББМО-01-23,4,5,4.8
4342,Студент 4342,ББМО-01-23,3,4,4.1
4345,Студент 4345,ББМО-01-23,4,5,5.1
4346,Студент 4346,ББМО-01-23,3,4,4.4
4349,Студент 4349,ББМО-01-23,4,5,5.4
4350,Студент 4350,ББМО-01-23,3,4,3.8
4353,Студент 4353,ББМО-01-23,4,5,4.8
4354,Студент 4354,ББМО-01-23,3,4,4.1
4357,Студент 4357,ББМО-01-23,4,5,5.1
4358,Студент 4358,ББМО-01-23,3,4,4.4
4361,Студент 4361,ББМО-01-23,4,5,5.4
4362,Студент 4362,ББМО-01-23,3,4,3.8
4365,Студент 4365,ББМО-01-23,4,5,4.8
4366,Студент 4366,ББМО-01-23,3,4,4.1
4369,Студент 4369,ББМО-01-23,4,5,5.1
4370,Студент 4370,ББМО-01-23,3,4,4.4
4373,Студент 4373,ББМО-01-23,4,5,5.4
4374,Студент 4374,ББМО-01-23,3,4,3.8
4377,Студент 4377,ББМО-01-23,4,5,4.8
4378,Студент 4378,ББМО-01-23,3,4,4.1
4381,Студент 4381,ББМО-01-23,4,5,5.1
4382,Студент 4382,ББМО-01-23,3,4,4.4
4385,Студент 4385,ББМО-01-23,4,5,5.4
4386,Студент 4386,ББМО-01-23,3,4,3.8
4389,Студент 4389,ББМО-01-23,4,5,4.8
4390,Студент 4390,ББМО-01-23,3,4,4.1
4393,Студент 4393,ББМО-01-23,4,5,5.1
4394,Студент 4394,ББМО-01-23,3,4,4.4
4397,Студент 4397,ББМО-01-23,4,5,5.4
4398,Студент 4398,ББМО-01-23,3,4,3.8
4401,Студент 4401,ББМО-01-23,4,5,4.8
4402,Студент 4402,ББМО-01-23,3,4,4.1
4405,Студент 4405,ББМО-01-23,4,5,5.1
4406,Студент 4406,ББМО-01-23,3,4,4.4
4409,Студент 4409,ББМО-01-23,4,5,5.4
4410,Студент 4410,ББМО-01-23,3,4,3.8
4413,Студент 4413,ББМО-01-23,4,5,4.8
4414,Студент 4414,ББМО-01-23,3,4,4.1
4417,Студент 4417,ББМО-01-23,4,5,5.1
4418,Студент 4418,ББМО-01-23,3,4,4.4
4421,Студент 4421,ББМО-01-23,4,5,5.4
4422,Студент 4422,ББМО-01-23,3,4,3.8
4425,Студент 4425,ББМО-01-23,4,5,4.8
4426,Студент 4426,ББМО-01-23,3,4,4.1
4429,Студент 4429,ББМО-01-23,4,5,5.1
4430,Студент 4430,ББМО-01-23,3,4,4.4
4433,Студент 4433,ББМО-01-23,4,5,5.4
4434,Студент 4434,ББМО-01-23,3,4,3.8
4437,Студент 4437,ББМО-01-23,4,5,4.8
4438,Студент 4438,ББМО-01-23,3,4,4.1
4441,Студент 4441,ББМО-01-23,4,5,5.1
4442,Студент 4442,ББМО-01-23,3,4,4.4
4445,Студент 4445,ББМО-01-23,4,5,5.4
4446,Студент 4446,ББМО-01-23,3,4,3.8
4449,Студент 4449,ББМО-01-23,4,5,4.8
4450,Студент 4450,ББМО-01-23,3,4,4.1
4453,Студент 4453,ББМО-01-23,4,5,5.1
4454,Студент 4454,ББМО-01-23,3,4,4.4
4457,Студент 4457,ББМО-01-23,4,5,5.4
4458,Студент 4458,ББМО-01-23,3,4,3.8
4461,Студент 4461,ББМО-01-23,4,5,4.8
4462,Студент 4462,ББМО-01-23,3,4,4.1
4465,Студент 4465,ББМО-01-23,4,5,5.1
4466,Студент 4466,ББМО-01-23,3,4,4.4
4469,Студент 4469,ББМО-01-23,4,5,5.4
4470,Студент 4470,ББМО-01-23,3,4,3.8
4473,Студент 4473,ББМО-01-23,4,5,4.8
4474,Студент 4474,ББМО-01-23,3,4,4.1
4477,Студент 4477,ББМО-01-23,4,5,5.1
4478,Студент 4478,ББМО-01-23,3,4,4.4
4481,Студент 4481,ББМО-01-23,4,5,5.4
4482,Студент 4482,ББМО-01-23,3,4,3.8
4485,Студент 4485,ББМО-01-23,4,5,4.8
4486,Студент 4486,ББМО-01-23,3,4,4.1
4489,Студент 4489,ББМО-01-23,4,5,5.1
4490,Студент 4490,ББМО-01-23,3,4,4.4
4493,Студент 4493,ББМО-01-23,4,5,5.4
4494,Студент 4494,ББМО-01-23,3,4,3.8
4497,Студент 4497,ББМО-01-23,4,5,4.8
4498,Студент 4498,ББМО-01-23,3,4,4.1
4501,Студент 4501,ББМО-01-23,4,5,5.1
4502,Студент 4502,ББМО-01-23,3,4,4.4
4505,Студент 4505,ББМО-01-23,4,5,5.4
4506,Студент 4506,ББМО-01-23,3,4,3.8
4509,Студент 4509,ББМО-01-23,4,5,4.8
4510,Студент 4510,ББМО-01-23,3,4,4.1
4513,Студент 4513,ББМО-01-23,4,5,5.1
4514,Студент 4514,ББМО-01-23,3,4,4.4
4517,Студент 4517,ББМО-01-23,4,5,5.4
4518,Студент 4518,ББМО-01-23,3,4,3.8
4521,Студент 4521,ББМО-01-23,4,5,4.8
4522,Студент 4522,ББМО-01-23,3,4,4.1
4525,Студент 4525,ББМО-01-23,4,5,5.1
4526,Студент 4526,ББМО-01-23,3,4,4.4
4529,Студент 4529,ББМО-01-23,4,5,5.4
4530,Студент 4530,ББМО-01-23,3,4,3.8
4533,Студент 4533,ББМО-01-23,4,5,4.8
4534,Студент 4534,ББМО-01-23,3,4,4.1
4537,Студент 4537,ББМО-01-23,4,5,5.1
4538,Студент 4538,ББМО-01-23,3,4,4.4
4541,Студент 4541,ББМО-01-23,4,5,5.4
4542,Студент 4542,ББМО-01-23,3,4,3.8
4545,Студент 4545,ББМО-01-23,4,5,4.8
4546,Студент 4546,ББМО-01-23,3,4,4.1
4549,Студент 4549,ББМО-01-23,4,5,5.1
4550,Студент 4550,ББМО-01-23,3,4,4.4
4553,Студент 4553,ББМО-01-23,4,5,5.4
4554,Студент 4554,ББМО-01-23,3,4,3.8
4557,Студент 4557,ББМО-01-23,4,5,4.8
4558,Студент 4558,ББМО-01-23,3,4,4.1
4561,Студент 4561,ББМО-01-23,4,5,5.1
4562,Студент 4562,ББМО-01-23,3,4,4.4
4565,Студент 4565,ББМО-01-23,4,5,5.4
4566,Студент 4566,ББМО-01-23,3,4,3.8
4569,Студент 4569,ББМО-01-23,4,5,4.8
4570,Студент 4570,ББМО-01-23,3,4,4.1
4573,Студент 4573,ББМО-01-23,4,5,5.1
4574,Студент 4574,ББМО-01-23,3,4,4.4
4577,Студент 4577,ББМО-01-23,4,5,5.4
4578,Студент 4578,ББМО-01-23,3,4,3.8
4581,Студент 4581,ББМО-01-23,4,5,4.8
4582,Студент 4582,ББМО-01-23,3,4,4.1
4585,Студент 4585,ББМО-01-23,4,5,5.1
4586,Студент 4586,ББМО-01-23,3,4,4.4
4589,Студент 4589,ББМО-01-23,4,5,5.4
4590,Студент 4590,ББМО-01-23,3,4,3.8
4593,Студент 4593,ББМО-01-23,4,5,4.8
4594,Студент 4594,ББМО-01-23,3,4,4.1
4597,Студент 4597,ББМО-01-23,4,5,5.1
4598,Студент 4598,ББМО-01-23,3,4,4.4
4601,Студент 4601,ББМО-01-23,4,5,5.4
4602,Студент 4602,ББМО-01-23,3,4,3.8
4605,Студент 4605,ББМО-01-23,4,5,4.8
4606,Студент 4606,ББМО-01-23,3,4,4.1
4609,Студент 4609,ББМО-01-23,4,5,5.1
4610,Студент 4610,ББМО-01-23,3,4,4.4
4613,Студент 4613,ББМО-01-23,4,5,5.4
4614,Студент 4614,ББМО-01-23,3,4,3.8
4617,Студент 4617,ББМО-01-23,4,5,4.8
4618,Студент 4618,ББМО-01-23,3,4,4.1
4621,Студент 4621,ББМО-01-23,4,5,5.1
4622,Студент 4622,ББМО-01-23,3,4,4.4
4625,Студент 4625,ББМО-01-23,4,5,5.4
4626,Студент 4626,ББМО-01-23,3,4,3.8
4629,Студент 4629,ББМО-01-23,4,5,4.8
4630,Студент 4630,ББМО-01-23,3,4,4.1
4633,Студент 4633,ББМО-01-23,4,5,5.1
4634,Студент 4634,ББМО-01-23,3,4,4.4
4637,Студент 4637,ББМО-01-23,4,5,5.4
4638,Студент 4638,ББМО-01-23,3,4,3.8
4641,Студент 4641,ББМО-01-23,4,5,4.8
4642,Студент 4642,ББМО-01-23,3,4,4.1
4645,Студент 4645,ББМО-01-23,4,5,5.1
4646,Студент 4646,ББМО-01-23,3,4,4.4
4649,Студент 4649,ББМО-01-23,4,5,5.4
4650,Студент 4650,ББМО-01-23,3,4,3.8
4653,Студент 4653,ББМО-01-23,4,5,4.8
4654,Студент 4654,ББМО-01-23,3,4,4.1
4657,Студент 4657,ББМО-01-23,4,5,5.1
4658,Студент 4658,ББМО-01-23,3,4,4.4
4661,Студент 4661,ББМО-01-23,4,5,5.4
4665,Студент 4665,ББМО-01-23,4,5,4.8
4666,Студент 4666,ББМО-01-23,3,4,4.1
4669,Студент 4669,ББМО-01-23,4,5,5.1
4670,Студент 4670,ББМО-01-23,3,4,4.4
4673,Студент 4673,ББМО-01-23,4,5,5.4
4674,Студент 4674,ББМО-01-23,3,4,3.8
4677,Студент 4677,ББМО-01-23,4,5,4.8
4678,Студент 4678,ББМО-01-23,3,4,4.1
4681,Студент 4681,ББМО-01-23,4,5,5.1
4682,Студент 4682,ББМО-01-23,3,4,4.4
4685,Студент 4685,ББМО-01-23,4,5,5.4
4686,Студент 4686,ББМО-01-23,3,4,3.8
4689,Студент 4689,ББМО-01-23,4,5,4.8
4690,Студент 4690,ББМО-01-23,3,4,4.1
4693,Студент 4693,ББМО-01-23,4,5,5.1
4694,Студент 4694,ББМО-01-23,3,4,4.4
4697,Студент 4697,ББМО-01-23,4,5,5.4
4698,Студент 4698,ББМО-01-23,3,4,3.8
4701,Студент 4701,ББМО-01-23,4,5,4.8
4702,Студент 4702,ББМО-01-23,3,4,4.1
4705,Студент 4705,ББМО-01-23,4,5,5.1
4706,Студент 4706,ББМО-01-23,3,4,4.4
4709,Студент 4709,ББМО-01-23,4,5,5.4
4710,Студент 4710,ББМО-01-23,3,4,3.8
4713,Студент 4713,ББМО-01-23,4,5,4.8
4714,Студент 4714,ББМО-01-23,3,4,4.1
4717,Студент 4717,ББМО-01-23,4,5,5.1
4718,Студент 4718,ББМО-01-23,3,4,4.4
4721,Студент 4721,ББМО-01-23,4,5,5.4
4722,Студент 4722,ББМО-01-23,3,4,3.8
4725,Студент 4725,ББМО-01-23,4,5,4.8
4726,Студент 4726,ББМО-01-23,3,4,4.1
4729,Студент 4729,ББМО-01-23,4,5,5.1
4730,Студент 4730,ББМО-01-23,3,4,4.4
4733,Студент 4733,ББМО-01-23,4,5,5.4
4734,Студент 4734,ББМО-01-23,3,4,3.8
4737,Студент 4737,ББМО-01-23,4,5,4.8
4738,Студент 4738,ББМО-01-23,3,4,4.1
4741,Студент 4741,ББМО-01-23,4,5,5.1
4742,Студент 4742,ББМО-01-23,3,4,4.4
4745,Студент 4745,ББМО-01-23,4,5,5.4
4746,Студент 4746,ББМО-01-23,3,4,3.8
4749,Студент 4749,ББМО-01-23,4,5,4.8
4750,Студент 4750,ББМО-01-23,3,4,4.1
4753,Студент 4753,ББМО-01-23,4,5,5.1
4754,Студент 4754,ББМО-01-23,3,4,4.4
4757,Студент 4757,ББМО-01-23,4,5,5.4
4758,Студент 4758,ББМО-01-23,3,4,3.8
4761,Студент 4761,ББМО-01-23,4,5,4.8
4762,Студент 4762,ББМО-01-23,3,4,4.1
4765,Студент 4765,ББМО-01-23,4,5,5.1
4766,Студент 4766,ББМО-01-23,3,4,4.4
4769,Студент 4769,ББМО-01-23,4,5,5.4
4770,Студент 4770,ББМО-01-23,3,4,3.8
4773,Студент 4773,ББМО-01-23,4,5,4.8
4774,Студент 4774,ББМО-01-23,3,4,4.1
4777,Студент 4777,ББМО-01-23,4,5,5.1
4778,Студент 4778,ББМО-01-23,3,4,4.4
4781,Студент 4781,ББМО-01-23,4,5,5.4
4782,Студент 4782,ББМО-01-23,3,4,3.8
4785,Студент 4785,ББМО-01-23,4,5,4.8
4786,Студент 4786,ББМО-01-23,3,4,4.1
4789,Студент 4789,ББМО-01-23,4,5,5.1
4790,Студент 4790,ББМО-01-23,3,4,4.4
4793,Студент 4793,ББМО-01-23,4,5,5.4
4794,Студент 4794,ББМО-01-23,3,4,3.8
4797,Студент 4797,ББМО-01-23,4,5,4.8
4798,Студент 4798,ББМО-01-23,3,4,4.1
4801,Студент 4801,ББМО-01-23,4,5,5.1
4802,Студент 4802,ББМО-01-23,3,4,4.4
4805,Студент 4805,ББМО-01-23,4,5,5.4
4806,Студент 4806,ББМО-01-23,3,4,3.8
4809,Студент 4809,ББМО-01-23,4,5,4.8
4810,Студент 4810,ББМО-01-23,3,4,4.1
4813,Студент 4813,ББМО-01-23,4,5,5.1
4814,Студент 4814,ББМО-01-23,3,4,4.4
4817,Студент 4817,ББМО-01-23,4,5,5.4
4818,Студент 4818,ББМО-01-23,3,4,3.8
4821,Студент 4821,ББМО-01-23,4,5,4.8
4822,Студент 4822,ББМО-01-23,3,4,4.1
4825,Студент 4825,ББМО-01-23,4,5,5.1
4826,Студент 4826,ББМО-01-23,3,4,4.4
4829,Студент 4829,ББМО-01-23,4,5,5.4
4830,Студент 4830,ББМО-01-23,3,4,3.8
4833,Студент 4833,ББМО-01-23,4,5,4.8
4834,Студент 4834,ББМО-01-23,3,4,4.1
4837,Студент 4837,ББМО-01-23,4,5,5.1
4838,Студент 4838,ББМО-01-23,3,4,4.4
4841,Студент 4841,ББМО-01-23,4,5,5.4
4842,Студент 4842,ББМО-01-23,3,4,3.8
4845,Студент 4845,ББМО-01-23,4,5,4.8
4846,Студент 4846,ББМО-01-23,3,4,4.1
4849,Студент 4849,ББМО-01-23,4,5,5.1
4850,Студент 4850,ББМО-01-23,3,4,4.4
4853,Студент 4853,ББМО-01-23,4,5,5.4
4854,Студент 4854,ББМО-01-23,3,4,3.8
4857,Студент 4857,ББМО-01-23,4,5,4.8
4858,Студент 4858,ББМО-01-23,3,4,4.1
4861,Студент 4861,ББМО-01-23,4,5,5.1
4862,Студент 4862,ББМО-01-23,3,4,4.4
4865,Студент 4865,ББМО-01-23,4,5,5.4
4866,Студент 4866,ББМО-01-23,3,4,3.8
4869,Студент 4869,ББМО-01-23,4,5,4.8
4870,Студент 4870,ББМО-01-23,3,4,4.1
4873,Студент 4873,ББМО-01-23,4,5,5.1
4874,Студент 4874,ББМО-01-23,3,4,4.4
4877,Студент 4877,ББМО-01-23,4,5,5.4
4878,Студент 4878,ББМО-01-23,3,4,3.8
4881,Студент 4881,ББМО-01-23,4,5,4.8
4882,Студент 4882,ББМО-01-23,3,4,4.1
4885,Студент 4885,ББМО-01-23,4,5,5.1
4886,Студент 4886,ББМО-01-23,3,4,4.4
4889,Студент 4889,ББМО-01-23,4,5,5.4
4890,Студент 4890,ББМО-01-23,3,4,3.8
4893,Студент 4893,ББМО-01-23,4,5,4.8
4894,Студент 4894,ББМО-01-23,3,4,4.1
4897,Студент 4897,ББМО-01-23,4,5,5.1
4898,Студент 4898,ББМО-01-23,3,4,4.4
4901,Студент 4901,ББМО-01-23,4,5,5.4
4902,Студент 4902,ББМО-01-23,3,4,3.8
4905,Студент 4905,ББМО-01-23,4,5,4.8
4906,Студент 4906,ББМО-01-23,3,4,4.1
4909,Студент 4909,ББМО-01-23,4,5,5.1
4910,Студент 4910,ББМО-01-23,3,4,4.4
4913,Студент 4913,ББМО-01-23,4,5,5.4
4914,Студент 4914,ББМО-01-23,3,4,3.8
4917,Студент 4917,ББМО-01-23,4,5,4.8
4918,Студент 4918,ББМО-01-23,3,4,4.1
4921,Студент 4921,ББМО-01-23,4,5,5.1
4922,Студент 4922,ББМО-01-23,3,4,4.4
4925,Студент 4925,ББМО-01-23,4,5,5.4
4926,Студент 4926,ББМО-01-23,3,4,3.8
4929,Студент 4929,ББМО-01-23,4,5,4.8
4930,Студент 4930,ББМО-01-23,3,4,4.1
4933,Студент 4933,ББМО-01-23,4,5,5.1
4934,Студент 4934,ББМО-01-23,3,4,4.4
4937,Студент 4937,ББМО-01-23,4,5,5.4
4938,Студент 4938,ББМО-01-23,3,4,3.8
4941,Студент 4941,ББМО-01-23,4,5,4.8
4942,Студент 4942,ББМО-01-23,3,4,4.1
4945,Студент 4945,ББМО-01-23,4,5,5.1
4946,Студент 4946,ББМО-01-23,3,4,4.4
4949,Студент 4949,ББМО-01-23,4,5,5.4
4950,Студент 4950,ББМО-01-23,3,4,3.8
4953,Студент 4953,ББМО-01-23,4,5,4.8
4954,Студент 4954,ББМО-01-23,3,4,4.1
4957,Студент 4957,ББМО-01-23,4,5,5.1
4958,Студент 4958,ББМО-01-23,3,4,4.4
4961,Студент 4961,ББМО-01-23,4,5,5.4
4962,Студент 4962,ББМО-01-23,3,4,3.8
4965,Студент 4965,ББМО-01-23,4,5,4.8
4966,Студент 4966,ББМО-01-23,3,4,4.1
4969,Студент 4969,ББМО-01-23,4,5,5.1
4970,Студент 4970,ББМО-01-23,3,4,4.4
4973,Студент 4973,ББМО-01-23,4,5,5.4
4974,Студент 4974,ББМО-01-23,3,4,3.8
4977,Студент 4977,ББМО-01-23,4,5,4.8
4978,Студент 4978,ББМО-01-23,3,4,4.1
4981,Студент 4981,ББМО-01-23,4,5,5.1
4982,Студент 4982,ББМО-01-23,3,4,4.4
4985,Студент 4985,ББМО-01-23,4,5,5.4
4986,Студент 4986,ББМО-01-23,3,4,3.8
4989,Студент 4989,ББМО-01-23,4,5,4.8
4990,Студент 4990,ББМО-01-23,3,4,4.1
4993,Студент 4993,ББМО-01-23,4,5,5.1
4994,Студент 4994,ББМО-01-23,3,4,4.4
4997,Студент 4997,ББМО-01-23,4,5,5.4
4998,Студент 4998,ББМО-01-23,3,4,3.8
5001,Студент 5001,ББМО-01-23,4,5,4.8
5002,Студент 5002,ББМО-01-23,3,4,4.1
5005,Студент 5005,ББМО-01-23,4,5,5.1
5006,Студент 5006,ББМО-01-23,3,4,4.4
5009,Студент 5009,ББМО-01-23,4,5,5.4
5010,Студент 5010,ББМО-01-23,3,4,3.8
5013,Студент 5013,ББМО-01-23,4,5,4.8
5014,Студент 5014,ББМО-01-23,3,4,4.1
5017,Студент 5017,ББМО-01-23,4,5,5.1
5018,Студент 5018,ББМО-01-23,3,4,4.4
5021,Студент 5021,ББМО-01-23,4,5,5.4
5022,Студент 5022,ББМО-01-23,3,4,3.8
5025,Студент 5025,ББМО-01-23,4,5,4.8
5026,Студент 5026,ББМО-01-23,3,4,4.1
5029,Студент 5029,ББМО-01-23,4,5,5.1
5030,Студент 5030,ББМО-01-23,3,4,4.4
5033,Студент 5033,ББМО-01-23,4,5,5.4
5034,Студент 5034,ББМО-01-23,3,4,3.8
5037,Студент 5037,ББМО-01-23,4,5,4.8
5038,Студент 5038,ББМО-01-23,3,4,4.1
5041,Студент 5041,ББМО-01-23,4,5,5.1
5042,Студент 5042,ББМО-01-23,3,4,4.4
5045,Студент 5045,ББМО-01-23,4,5,5.4
5046,Студент 5046,ББМО-01-23,3,4,3.8
5049,Студент 5049,ББМО-01-23,4,5,4.8
5050,Студент 5050,ББМО-01-23,3,4,4.1
5053,Студент 5053,ББМО-01-23,4,5,5.1
5054,Студент 5054,ББМО-01-23,3,4,4.4
5057,Студент 5057,ББМО-01-23,4,5,5.4
5058,Студент 5058,ББМО-01-23,3,4,3.8
5061,Студент 5061,ББМО-01-23,4,5,4.8
5062,Студент 5062,ББМО-01-23,3,4,4.1
5065,Студент 5065,ББМО-01-23,4,5,5.1
5066,Студент 5066,ББМО-01-23,3,4,4.4
5069,Студент 5069,ББМО-01-23,4,5,5.4
5070,Студент 5070,ББМО-01-23,3,4,3.8
5073,Студент 5073,ББМО-01-23,4,5,4.8
5074,Студент 5074,ББМО-01-23,3,4,4.1
5077,Студент 5077,ББМО-01-23,4,5,5.1
5078,Студент 5078,ББМО-01-23,3,4,4.4
5081,Студент 5081,ББМО-01-23,4,5,5.4
5082,Студент 5082,ББМО-01-23,3,4,3.8
5085,Студент 5085,ББМО-01-23,4,5,4.8
5086,Студент 5086,ББМО-01-23,3,4,4.1
5089,Студент 5089,ББМО-01-23,4,5,5.1
5090,Студент 5090,ББМО-01-23,3,4,4.4
5093,Студент 5093,ББМО-01-23,4,5,5.4
5094,Студент 5094,ББМО-01-23,3,4,3.8
5097,Студент 5097,ББМО-01-23,4,5,4.8
5098,Студент 5098,ББМО-01-23,3,4,4.1
5101,Студент 5101,ББМО-01-23,4,5,5.1
5102,Студент 5102,ББМО-01-23,3,4,4.4
5105,Студент 5105,ББМО-01-23,4,5,5.4
5106,Студент 5106,ББМО-01-23,3,4,3.8
5109,Студент 5109,ББМО-01-23,4,5,4.8
5110,Студент 5110,ББМО-01-23,3,4,4.1
5113,Студент 5113,ББМО-01-23,4,5,5.1
5114,Студент 5114,ББМО-01-23,3,4,4.4
5117,Студент 5117,ББМО-01-23,4,5,5.4
5118,Студент 5118,ББМО-01-23,3,4,3.8
5121,Студент 5121,ББМО-01-23,4,5,4.8
5122,Студент 5122,ББМО-01-23,3,4,4.1
5125,Студент 5125,ББМО-01-23,4,5,5.1
5126,Студент 5126,ББМО-01-23,3,4,4.4
5129,Студент 5129,ББМО-01-23,4,5,5.4
5130,Студент 5130,ББМО-01-23,3,4,3.8
5133,Студент 5133,ББМО-01-23,4,5,4.8
5134,Студент 5134,ББМО-01-23,3,4,4.1
5137,Студент 5137,ББМО-01-23,4,5,5.1
5138,Студент 5138,ББМО-01-23,3,4,4.4
5141,Студент 5141,ББМО-01-23,4,5,5.4
5142,Студент 5142,ББМО-01-23,3,4,3.8
5145,Студент 5145,ББМО-01-23,4,5,4.8
5146,Студент 5146,ББМО-01-23,3,4,4.1
5149,Студент 5149,ББМО-01-23,4,5,5.1
5150,Студент 5150,ББМО-01-23,3,4,4.4
5153,Студент 5153,ББМО-01-23,4,5,5.4
5154,Студент 5154,ББМО-01-23,3,4,3.8
5157,Студент 5157,ББМО-01-23,4,5,4.8
5158,Студент 5158,ББМО-01-23,3,4,4.1
5161,Студент 5161,ББМО-01-23,4,5,5.1
5162,Студент 5162,ББМО-01-23,3,4,4.4
5165,Студент 5165,ББМО-01-23,4,5,5.4
5166,Студент 5166,ББМО-01-23,3,4,3.8
5169,Студент 5169,ББМО-01-23,4,5,4.8
5170,Студент 5170,ББМО-01-23,3,4,4.1
5173,Студент 5173,ББМО-01-23,4,5,5.1
5174,Студент 5174,ББМО-01-23,3,4,4.4
5177,Студент 5177,ББМО-01-23,4,5,5.4
5178,Студент 5178,ББМО-01-23,3,4,3.8
5181,Студент 5181,ББМО-01-23,4,5,4.8
5182,Студент 5182,ББМО-01-23,3,4,4.1
5185,Студент 5185,ББМО-01-23,4,5,5.1
5186,Студент 5186,ББМО-01-23,3,4,4.4
5189,Студент 5189,ББМО-01-23,4,5,5.4
5190,Студент 5190,ББМО-01-23,3,4,3.8
5193,Студент 5193,ББМО-01-23,4,5,4.8
5194,Студент 5194,ББМО-01-23,3,4,4.1
5197,Студент 5197,ББМО-01-23,4,5,5.1
5198,Студент 5198,ББМО-01-23,3,4,4.4
5201,Студент 5201,ББМО-01-23,4,5,5.4
5202,Студент 5202,ББМО-01-23,3,4,3.8
5205,Студент 5205,ББМО-01-23,4,5,4.8
5206,Студент 5206,ББМО-01-23,3,4,4.1
5209,Студент 5209,ББМО-01-23,4,5,5.1
5210,Студент 5210,ББМО-01-23,3,4,4.4
5213,Студент 5213,ББМО-01-23,4,5,5.4
5214,Студент 5214,ББМО-01-23,3,4,3.8
5217,Студент 5217,ББМО-01-23,4,5,4.8
5218,Студент 5218,ББМО-01-23,3,4,4.1
5221,Студент 5221,ББМО-01-23,4,5,5.1
5222,Студент 5222,ББМО-01-23,3,4,4.4
5225,Студент 5225,ББМО-01-23,4,5,5.4
5226,Студент 5226,ББМО-01-23,3,4,3.8
5229,Студент 5229,ББМО-01-23,4,5,4.8
5230,Студент 5230,ББМО-01-23,3,4,4.1
5233,Студент 5233,ББМО-01-23,4,5,5.1
5234,Студент 5234,ББМО-01-23,3,4,4.4
5237,Студент 5237,ББМО-01-23,4,5,5.4
5238,Студент 5238,ББМО-01-23,3,4,3.8
5241,Студент 5241,ББМО-01-23,4,5,4.8
5242,Студент 5242,ББМО-01-23,3,4,4.1
5245,Студент 5245,ББМО-01-23,4,5,5.1
5246,Студент 5246,ББМО-01-23,3,4,4.4
5249,Студент 5249,ББМО-01-23,4,5,5.4
5250,Студент 5250,ББМО-01-23,3,4,3.8
5253,Студент 5253,ББМО-01-23,4,5,4.8
5254,Студент 5254,ББМО-01-23,3,4,4.1
5257,Студент 5257,ББМО-01-23,4,5,5.1
5258,Студент 5258,ББМО-01-23,3,4,4.4
5261,Студент 5261,ББМО-01-23,4,5,5.4
5262,Студент 5262,ББМО-01-23,3,4,3.8
5265,Студент 5265,ББМО-01-23,4,5,4.8
5266,Студент 5266,ББМО-01-23,3,4,4.1
5269,Студент 5269,ББМО-01-23,4,5,5.1
5270,Студент 5270,ББМО-01-23,3,4,4.4
5273,Студент 5273,ББМО-01-23,4,5,5.4
5274,Студент 5274,ББМО-01-23,3,4,3.8
5277,Студент 5277,ББМО-01-23,4,5,4.8
5278,Студент 5278,ББМО-01-23,3,4,4.1
5281,Студент 5281,ББМО-01-23,4,5,5.1
5282,Студент 5282,ББМО-01-23,3,4,4.4
5285,Студент 5285,ББМО-01-23,4,5,5.4
5286,Студент 5286,ББМО-01-23,3,4,3.8
5289,Студент 5289,ББМО-01-23,4,5,4.8
5290,Студент 5290,ББМО-01-23,3,4,4.1
5293,Студент 5293,ББМО-01-23,4,5,5.1
5294,Студент 5294,ББМО-01-23,3,4,4.4
5297,Студент 5297,ББМО-01-23,4,5,5.4
5298,Студент 5298,ББМО-01-23,3,4,3.8
5301,Студент 5301,ББМО-01-23,4,5,4.8
5302,Студент 5302,ББМО-01-23,3,4,4.1
5305,Студент 5305,ББМО-01-23,4,5,5.1
5306,Студент 5306,ББМО-01-23,3,4,4.4
5309,Студент 5309,ББМО-01-23,4,5,5.4
5310,Студент 5310,ББМО-01-23,3,4,3.8
5313,Студент 5313,ББМО-01-23,4,5,4.8
5314,Студент 5314,ББМО-01-23,3,4,4.1
5317,Студент 5317,ББМО-01-23,4,5,5.1
5318,Студент 5318,ББМО-01-23,3,4,4.4
5321,Студент 5321,ББМО-01-23,4,5,5.4
5322,Студент 5322,ББМО-01-23,3,4,3.8
5325,Студент 5325,ББМО-01-23,4,5,4.8
5326,Студент 5326,ББМО-01-23,3,4,4.1
5329,Студент 5329,ББМО-01-23,4,5,5.1
5330,Студент 5330,ББМО-01-23,3,4,4.4
5333,Студент 5333,ББМО-01-23,4,5,5.4
5334,Студент 5334,ББМО-01-23,3,4,3.8
5337,Студент 5337,ББМО-01-23,4,5,4.8
5338,Студент 5338,ББМО-01-23,3,4,4.1
5341,Студент 5341,ББМО-01-23,4,5,5.1
5342,Студент 5342,ББМО-01-23,3,4,4.4
5345,Студент 5345,ББМО-01-23,4,5,5.4
5346,Студент 5346,ББМО-01-23,3,4,3.8
5349,Студент 5349,ББМО-01-23,4,5,4.8
5350,Студент 5350,ББМО-01-23,3,4,4.1
5353,Студент 5353,ББМО-01-23,4,5,5.1
5354,Студент 5354,ББМО-01-23,3,4,4.4
5357,Студент 5357,ББМО-01-23,4,5,5.4
5358,Студент 5358,ББМО-01-23,3,4,3.8
5361,Студент 5361,ББМО-01-23,4,5,4.8
5362,Студент 5362,ББМО-01-23,3,4,4.1
5365,Студент 5365,ББМО-01-23,4,5,5.1
5366,Студент 5366,ББМО-01-23,3,4,4.4
5369,Студент 5369,ББМО-01-23,4,5,5.4
5370,Студент 5370,ББМО-01-23,3,4,3.8
5373,Студент 5373,ББМО-01-23,4,5,4.8
5374,Студент 5374,ББМО-01-23,3,4,4.1
5377,Студент 5377,ББМО-01-23,4,5,5.1
5378,Студент 5378,ББМО-01-23,3,4,4.4
5381,Студент 5381,ББМО-01-23,4,5,5.4
5382,Студент 5382,ББМО-01-23,3,4,3.8
5385,Студент 5385,ББМО-01-23,4,5,4.8
5386,Студент 5386,ББМО-01-23,3,4,4.1
5389,Студент 5389,ББМО-01-23,4,5,5.1
5390,Студент 5390,ББМО-01-23,3,4,4.4
5393,Студент 5393,ББМО-01-23,4,5,5.4
5394,Студент 5394,ББМО-01-23,3,4,3.8
5397,Студент 5397,ББМО-01-23,4,5,4.8
5398,Студент 5398,ББМО-01-23,3,4,4.1
5401,Студент 5401,ББМО-01-23,4,5,5.1
5402,Студент 5402,ББМО-01-23,3,4,4.4
5405,Студент 5405,ББМО-01-23,4,5,5.4
5406,Студент 5406,ББМО-01-23,3,4,3.8
5409,Студент 5409,ББМО-01-23,4,5,4.8
5410,Студент 5410,ББМО-01-23,3,4,4.1
5413,Студент 5413,ББМО-01-23,4,5,5.1
5414,Студент 5414,ББМО-01-23,3,4,4.4
5417,Студент 5417,ББМО-01-23,4,5,5.4
5418,Студент 5418,ББМО-01-23,3,4,3.8
5421,Студент 5421,ББМО-01-23,4,5,4.8
5422,Студент 5422,ББМО-01-23,3,4,4.1
5425,Студент 5425,ББМО-01-23,4,5,5.1
5426,Студент 5426,ББМО-01-23,3,4,4.4
5429,Студент 5429,ББМО-01-23,4,5,5.4
5430,Студент 5430,ББМО-01-23,3,4,3.8
5433,Студент 5433,ББМО-01-23,4,5,4.8
5434,Студент 5434,ББМО-01-23,3,4,4.1
5437,Студент 5437,ББМО-01-23,4,5,5.1
5438,Студент 5438,ББМО-01-23,3,4,4.4
5441,Студент 5441,ББМО-01-23,4,5,5.4
5442,Студент 5442,ББМО-01-23,3,4,3.8
5445,Студент 5445,ББМО-01-23,4,5,4.8
5446,Студент 5446,ББМО-01-23,3,4,4.1
5449,Студент 5449,ББМО-01-23,4,5,5.1
5450,Студент 5450,ББМО-01-23,3,4,4.4
5453,Студент 5453,ББМО-01-23,4,5,5.4
5454,Студент 5454,ББМО-01-23,3,4,3.8
5457,Студент 5457,ББМО-01-23,4,5,4.8
5458,Студент 5458,ББМО-01-23,3,4,4.1
5461,Студент 5461,ББМО-01-23,4,5,5.1
5462,Студент 5462,ББМО-01-23,3,4,4.4
5465,Студент 5465,ББМО-01-23,4,5,5.4
5466,Студент 5466,ББМО-01-23,3,4,3.8
5469,Студент 5469,ББМО-01-23,4,5,4.8
5470,Студент 5470,ББМО-01-23,3,4,4.1
5473,Студент 5473,ББМО-01-23,4,5,5.1
5474,Студент 5474,ББМО-01-23,3,4,4.4
5477,Студент 5477,ББМО-01-23,4,5,5.4
5478,Студент 5478,ББМО-01-23,3,4,3.8
5481,Студент 5481,ББМО-01-23,4,5,4.8
5482,Студент 5482,ББМО-01-23,3,4,4.1
5485,Студент 5485,ББМО-01-23,4,5,5.1
5486,Студент 5486,ББМО-01-23,3,4,4.4
5489,Студент 5489,ББМО-01-23,4,5,5.4
5490,Студент 5490,ББМО-01-23,3,4,3.8
5493,Студент 5493,ББМО-01-23,4,5,4.8
5494,Студент 5494,ББМО-01-23,3,4,4.1
5497,Студент 5497,ББМО-01-23,4,5,5.1
5498,Студент 5498,ББМО-01-23,3,4,4.4
5501,Студент 5501,ББМО-01-23,4,5,5.4
5502,Студент 5502,ББМО-01-23,3,4,3.8
5505,Студент 5505,ББМО-01-23,4,5,4.8
5506,Студент 5506,ББМО-01-23,3,4,4.1
5509,Студент 5509,ББМО-01-23,4,5,5.1
5510,Студент 5510,ББМО-01-23,3,4,4.4
5513,Студент 5513,ББМО-01-23,4,5,5.4
5514,Студент 5514,ББМО-01-23,3,4,3.8
5517,Студент 5517,ББМО-01-23,4,5,4.8
5518,Студент 5518,ББМО-01-23,3,4,4.1
5521,Студент 5521,ББМО-01-23,4,5,5.1
5522,Студент 5522,ББМО-01-23,3,4,4.4
5525,Студент 5525,ББМО-01-23,4,5,5.4
5526,Студент 5526,ББМО-01-23,3,4,3.8
5529,Студент 5529,ББМО-01-23,4,5,4.8
5530,Студент 5530,ББМО-01-23,3,4,4.1
5533,Студент 5533,ББМО-01-23,4,5,5.1
5534,Студент 5534,ББМО-01-23,3,4,4.4
5537,Студент 5537,ББМО-01-23,4,5,5.4
5538,Студент 5538,ББМО-01-23,3,4,3.8
5541,Студент 5541,ББМО-01-23,4,5,4.8
5542,Студент 5542,ББМО-01-23,3,4,4.1
5545,Студент 5545,ББМО-01-23,4,5,5.1
5546,Студент 5546,ББМО-01-23,3,4,4.4
5549,Студент 5549,ББМО-01-23,4,5,5.4
5550,Студент 5550,ББМО-01-23,3,4,3.8
5553,Студент 5553,ББМО-01-23,4,5,4.8
5554,Студент 5554,ББМО-01-23,3,4,4.1
5557,Студент 5557,ББМО-01-23,4,5,5.1
5558,Студент 5558,ББМО-01-23,3,4,4.4
5561,Студент 5561,ББМО-01-23,4,5,5.4
5562,Студент 5562,ББМО-01-23,3,4,3.8
5565,Студент 5565,ББМО-01-23,4,5,4.8
5566,Студент 5566,ББМО-01-23,3,4,4.1
5569,Студент 5569,ББМО-01-23,4,5,5.1
5570,Студент 5570,ББМО-01-23,3,4,4.4
5573,Студент 5573,ББМО-01-23,4,5,5.4
5574,Студент 5574,ББМО-01-23,3,4,3.8
5577,Студент 5577,ББМО-01-23,4,5,4.8
5578,Студент 5578,ББМО-01-23,3,4,4.1
5581,Студент 5581,ББМО-01-23,4,5,5.1
5582,Студент 5582,ББМО-01-23,3,4,4.4
5585,Студент 5585,ББМО-01-23,4,5,5.4
5586,Студент 5586,ББМО-01-23,3,4,3.8
5589,Студент 5589,ББМО-01-23,4,5,4.8
5590,Студент 5590,ББМО-01-23,3,4,4.1
5593,Студент 5593,ББМО-01-23,4,5,5.1
5594,Студент 5594,ББМО-01-23,3,4,4.4
5597,Студент 5597,ББМО-01-23,4,5,5.4
5598,Студент 5598,ББМО-01-23,3,4,3.8
5601,Студент 5601,ББМО-01-23,4,5,4.8
5602,Студент 5602,ББМО-01-23,3,4,4.1
5605,Студент 5605,ББМО-01-23,4,5,5.1
5606,Студент 5606,ББМО-01-23,3,4,4.4
5609,Студент 5609,ББМО-01-23,4,5,5.4
5610,Студент 5610,ББМО-01-23,3,4,3.8
5613,Студент 5613,ББМО-01-23,4,5,4.8
5614,Студент 5614,ББМО-01-23,3,4,4.1
5617,Студент 5617,ББМО-01-23,4,5,5.1
5618,Студент 5618,ББМО-01-23,3,4,4.4
5621,Студент 5621,ББМО-01-23,4,5,5.4
5622,Студент 5622,ББМО-01-23,3,4,3.8
5625,Студент 5625,ББМО-01-23,4,5,4.8
5626,Студент 5626,ББМО-01-23,3,4,4.1
5629,Студент 5629,ББМО-01-23,4,5,5.1
5630,Студент 5630,ББМО-01-23,3,4,4.4
5633,Студент 5633,ББМО-01-23,4,5,5.4
5634,Студент 5634,ББМО-01-23,3,4,3.8
5637,Студент 5637,ББМО-01-23,4,5,4.8
5638,Студент 5638,ББМО-01-23,3,4,4.1
5641,Студент 5641,ББМО-01-23,4,5,5.1
5642,Студент 5642,ББМО-01-23,3,4,4.4
5645,Студент 5645,ББМО-01-23,4,5,5.4
5646,Студент 5646,ББМО-01-23,3,4,3.8
5649,Студент 5649,ББМО-01-23,4,5,4.8
5650,Студент 5650,ББМО-01-23,3,4,4.1
5653,Студент 5653,ББМО-01-23,4,5,5.1
5654,Студент 5654,ББМО-01-23,3,4,4.4
5657,Студент 5657,ББМО-01-23,4,5,5.4
5658,Студент 5658,ББМО-01-23,3,4,3.8
5661,Студент 5661,ББМО-01-23,4,5,4.8
5662,Студент 5662,ББМО-01-23,3,4,4.1
5665,Студент 5665,ББМО-01-23,4,5,5.1
5666,Студент 5666,ББМО-01-23,3,4,4.4
5669,Студент 5669,ББМО-01-23,4,5,5.4
5670,Студент 5670,ББМО-01-23,3,4,3.8
5673,Студент 5673,ББМО-01-23,4,5,4.8
5674,Студент 5674,ББМО-01-23,3,4,4.1
5677,Студент 5677,ББМО-01-23,4,5,5.1
5678,Студент 5678,ББМО-01-23,3,4,4.4
5681,Студент 5681,ББМО-01-23,4,5,5.4
5682,Студент 5682,ББМО-01-23,3,4,3.8
5685,Студент 5685,ББМО-01-23,4,5,4.8
5686,Студент 5686,ББМО-01-23,3,4,4.1
5689,Студент 5689,ББМО-01-23,4,5,5.1
5690,Студент 5690,ББМО-01-23,3,4,4.4
5693,Студент 5693,ББМО-01-23,4,5,5.4
5694,Студент 5694,ББМО-01-23,3,4,3.8
5697,Студент 5697,ББМО-01-23,4,5,4.8
5698,Студент 5698,ББМО-01-23,3,4,4.1
5701,Студент 5701,ББМО-01-23,4,5,5.1
5702,Студент 5702,ББМО-01-23,3,4,4.4
5705,Студент 5705,ББМО-01-23,4,5,5.4
5706,Студент 5706,ББМО-01-23,3,4,3.8
5709,Студент 5709,ББМО-01-23,4,5,4.8
5710,Студент 5710,ББМО-01-23,3,4,4.1
5713,Студент 5713,ББМО-01-23,4,5,5.1
5714,Студент 5714,ББМО-01-23,3,4,4.4
5717,Студент 5717,ББМО-01-23,4,5,5.4
5718,Студент 5718,ББМО-01-23,3,4,3.8
5721,Студент 5721,ББМО-01-23,4,5,4.8
5722,Студент 5722,ББМО-01-23,3,4,4.1
5725,Студент 5725,ББМО-01-23,4,5,5.1
5726,Студент 5726,ББМО-01-23,3,4,4.4
5729,Студент 5729,ББМО-01-23,4,5,5.4
5730,Студент 5730,ББМО-01-23,3,4,3.8
5733,Студент 5733,ББМО-01-23,4,5,4.8
5734,Студент 5734,ББМО-01-23,3,4,4.1
5737,Студент 5737,ББМО-01-23,4,5,5.1
5738,Студент 5738,ББМО-01-23,3,4,4.4
5741,Студент 5741,ББМО-01-23,4,5,5.4
5742,Студент 5742,ББМО-01-23,3,4,3.8
5745,Студент 5745,ББМО-01-23,4,5,4.8
5746,Студент 5746,ББМО-01-23,3,4,4.1
5749,Студент 5749,ББМО-01-23,4,5,5.1
5750,Студент 5750,ББМО-01-23,3,4,4.4
5753,Студент 5753,ББМО-01-23,4,5,5.4
5754,Студент 5754,ББМО-01-23,3,4,3.8
5757,Студент 5757,ББМО-01-23,4,5,4.8
5758,Студент 5758,ББМО-01-23,3,4,4.1
5761,Студент 5761,ББМО-01-23,4,5,5.1
5762,Студент 5762,ББМО-01-23,3,4,4.4
5765,Студент 5765,ББМО-01-23,4,5,5.4
5766,Студент 5766,ББМО-01-23,3,4,3.8
5769,Студент 5769,ББМО-01-23,4,5,4.8
5770,Студент 5770,ББМО-01-23,3,4,4.1
5773,Студент 5773,ББМО-01-23,4,5,5.1
5774,Студент 5774,ББМО-01-23,3,4,4.4
5777,Студент 5777,ББМО-01-23,4,5,5.4
5778,Студент 5778,ББМО-01-23,3,4,3.8
5781,Студент 5781,ББМО-01-23,4,5,4.8
5782,Студент 5782,ББМО-01-23,3,4,4.1
5785,Студент 5785,ББМО-01-23,4,5,5.1
5786,Студент 5786,ББМО-01-23,3,4,4.4
5789,Студент 5789,ББМО-01-23,4,5,5.4
5790,Студент 5790,ББМО-01-23,3,4,3.8
5793,Студент 5793,ББМО-01-23,4,5,4.8
5794,Студент 5794,ББМО-01-23,3,4,4.1
5797,Студент 5797,ББМО-01-23,4,5,5.1
5798,Студент 5798,ББМО-01-23,3,4,4.4
5801,Студент 5801,ББМО-01-23,4,5,5.4
5802,Студент 5802,ББМО-01-23,3,4,3.8
5805,Студент 5805,ББМО-01-23,4,5,4.8
5806,Студент 5806,ББМО-01-23,3,4,4.1
5809,Студент 5809,ББМО-01-23,4,5,5.1
5810,Студент 5810,ББМО-01-23,3,4,4.4
5813,Студент 5813,ББМО-01-23,4,5,5.4
5814,Студент 5814,ББМО-01-23,3,4,3.8
5817,Студент 5817,ББМО-01-23,4,5,4.8
5818,Студент 5818,ББМО-01-23,3,4,4.1
5821,Студент 5821,ББМО-01-23,4,5,5.1
5822,Студент 5822,ББМО-01-23,3,4,4.4
5825,Студент 5825,ББМО-01-23,4,5,5.4
5826,Студент 5826,ББМО-01-23,3,4,3.8
5829,Студент 5829,ББМО-01-23,4,5,4.8
5830,Студент 5830,ББМО-01-23,3,4,4.1
5833,Студент 5833,ББМО-01-23,4,5,5.1
5834,Студент 5834,ББМО-01-23,3,4,4.4
5837,Студент 5837,ББМО-01-23,4,5,5.4
5838,Студент 5838,ББМО-01-23,3,4,3.8
5841,Студент 5841,ББМО-01-23,4,5,4.8
5842,Студент 5842,ББМО-01-23,3,4,4.1
5845,Студент 5845,ББМО-01-23,4,5,5.1
5846,Студент 5846,ББМО-01-23,3,4,4.4
5849,Студент 5849,ББМО-01-23,4,5,5.4
5850,Студент 5850,ББМО-01-23,3,4,3.8
5853,Студент 5853,ББМО-01-23,4,5,4.8
5854,Студент 5854,ББМО-01-23,3,4,4.1
5857,Студент 5857,ББМО-01-23,4,5,5.1
5858,Студент 5858,ББМО-01-23,3,4,4.4
5861,Студент 5861,ББМО-01-23,4,5,5.4
5862,Студент 5862,ББМО-01-23,3,4,3.8
5865,Студент 5865,ББМО-01-23,4,5,4.8
5866,Студент 5866,ББМО-01-23,3,4,4.1
5869,Студент 5869,ББМО-01-23,4,5,5.1
5870,Студент 5870,ББМО-01-23,3,4,4.4
5873,Студент 5873,ББМО-01-23,4,5,5.4
5874,Студент 5874,ББМО-01-23,3,4,3.8
5877,Студент 5877,ББМО-01-23,4,5,4.8
5878,Студент 5878,ББМО-01-23,3,4,4.1
5881,Студент 5881,ББМО-01-23,4,5,5.1
5882,Студент 5882,ББМО-01-23,3,4,4.4
5885,Студент 5885,ББМО-01-23,4,5,5.4
5886,Студент 5886,ББМО-01-23,3,4,3.8
5889,Студент 5889,ББМО-01-23,4,5,4.8
5890,Студент 5890,ББМО-01-23,3,4,4.1
5893,Студент 5893,ББМО-01-23,4,5,5.1
5894,Студент 5894,ББМО-01-23,3,4,4.4
5897,Студент 5897,ББМО-01-23,4,5,5.4
5898,Студент 5898,ББМО-01-23,3,4,3.8
5901,Студент 5901,ББМО-01-23,4,5,4.8
5902,Студент 5902,ББМО-01-23,3,4,4.1
5905,Студент 5905,ББМО-01-23,4,5,5.1
5906,Студент 5906,ББМО-01-23,3,4,4.4
5909,Студент 5909,ББМО-01-23,4,5,5.4
5910,Студент 5910,ББМО-01-23,3,4,3.8
5913,Студент 5913,ББМО-01-23,4,5,4.8
5914,Студент 5914,ББМО-01-23,3,4,4.1
5917,Студент 5917,ББМО-01-23,4,5,5.1
5918,Студент 5918,ББМО-01-23,3,4,4.4
5921,Студент 5921,ББМО-01-23,4,5,5.4
5922,Студент 5922,ББМО-01-23,3,4,3.8
5925,Студент 5925,ББМО-01-23,4,5,4.8
5926,Студент 5926,ББМО-01-23,3,4,4.1
5929,Студент 5929,ББМО-01-23,4,5,5.1
5930,Студент 5930,ББМО-01-23,3,4,4.4
5933,Студент 5933,ББМО-01-23,4,5,5.4
5934,Студент 5934,ББМО-01-23,3,4,3.8
5937,Студент 5937,ББМО-01-23,4,5,4.8
5938,Студент 5938,ББМО-01-23,3,4,4.1
5941,Студент 5941,ББМО-01-23,4,5,5.1
5942,Студент 5942,ББМО-01-23,3,4,4.4
5945,Студент 5945,ББМО-01-23,4,5,5.4
5946,Студент 5946,ББМО-01-23,3,4,3.8
5949,Студент 5949,ББМО-01-23,4,5,4.8
5950,Студент 5950,ББМО-01-23,3,4,4.1
5953,Студент 5953,ББМО-01-23,4,5,5.1
5954,Студент 5954,ББМО-01-23,3,4,4.4
5957,Студент 5957,ББМО-01-23,4,5,5.4
5958,Студент 5958,ББМО-01-23,3,4,3.8
5961,Студент 5961,ББМО-01-23,4,5,4.8
5962,Студент 5962,ББМО-01-23,3,4,4.1
5965,Студент 5965,ББМО-01-23,4,5,5.1
5966,Студент 5966,ББМО-01-23,3,4,4.4
5969,Студент 5969,ББМО-01-23,4,5,5.4
5970,Студент 5970,ББМО-01-23,3,4,3.8
5973,Студент 5973,ББМО-01-23,4,5,4.8
5974,Студент 5974,ББМО-01-23,3,4,4.1
5977,Студент 5977,ББМО-01-23,4,5,5.1
5978,Студент 5978,ББМО-01-23,3,4,4.4
5981,Студент 5981,ББМО-01-23,4,5,5.4
5982,Студент 5982,ББМО-01-23,3,4,3.8
5985,Студент 5985,ББМО-01-23,4,5,4.8
5986,Студент 5986,ББМО-01-23,3,4,4.1
5989,Студент 5989,ББМО-01-23,4,5,5.1
5990,Студент 5990,ББМО-01-23,3,4,4.4
5993,Студент 5993,ББМО-01-23,4,5,5.4
5994,Студент 5994,ББМО-01-23,3,4,3.8
5997,Студент 5997,ББМО-01-23,4,5,4.8
5998,Студент 5998,ББМО-01-23,3,4,4.1
6001,Студент 6001,ББМО-01-23,4,5,5.1
6002,Студент 6002,ББМО-01-23,3,4,4.4
6005,Студент 6005,ББМО-01-23,4,5,5.4
6006,Студент 6006,ББМО-01-23,3,4,3.8
6009,Студент 6009,ББМО-01-23,4,5,4.8
6010,Студент 6010,ББМО-01-23,3,4,4.1
6013,Студент 6013,ББМО-01-23,4,5,5.1
6014,Студент 6014,ББМО-01-23,3,4,4.4
6017,Студент 6017,ББМО-01-23,4,5,5.4
6018,Студент 6018,ББМО-01-23,3,4,3.8
6021,Студент 6021,ББМО-01-23,4,5,4.8
6022,Студент 6022,ББМО-01-23,3,4,4.1
6025,Студент 6025,ББМО-01-23,4,5,5.1
6026,Студент 6026,ББМО-01-23,3,4,4.4
6029,Студент 6029,ББМО-01-23,4,5,5.4
6030,Студент 6030,ББМО-01-23,3,4,3.8
6033,Студент 6033,ББМО-01-23,4,5,4.8
6034,Студент 6034,ББМО-01-23,3,4,4.1
6037,Студент 6037,ББМО-01-23,4,5,5.1
6038,Студент 6038,ББМО-01-23,3,4,4.4
6041,Студент 6041,ББМО-01-23,4,5,5.4
6042,Студент 6042,ББМО-01-23,3,4,3.8
6045,Студент 6045,ББМО-01-23,4,5,4.8
6046,Студент 6046,ББМО-01-23,3,4,4.1
6049,Студент 6049,ББМО-01-23,4,5,5.1
6050,Студент 6050,ББМО-01-23,3,4,4.4
6053,Студент 6053,ББМО-01-23,4,5,5.4
6054,Студент 6054,ББМО-01-23,3,4,3.8
6057,Студент 6057,ББМО-01-23,4,5,4.8
6058,Студент 6058,ББМО-01-23,3,4,4.1
6061,Студент 6061,ББМО-01-23,4,5,5.1
6062,Студент 6062,ББМО-01-23,3,4,4.4
6065,Студент 6065,ББМО-01-23,4,5,5.4
6066,Студент 6066,ББМО-01-23,3,4,3.8
6069,Студент 6069,ББМО-01-23,4,5,4.8
6070,Студент 6070,ББМО-01-23,3,4,4.1
6073,Студент 6073,ББМО-01-23,4,5,5.1
6074,Студент 6074,ББМО-01-23,3,4,4.4
6077,Студент 6077,ББМО-01-23,4,5,5.4
6078,Студент 6078,ББМО-01-23,3,4,3.8
6081,Студент 6081,ББМО-01-23,4,5,4.8
6082,Студент 6082,ББМО-01-23,3,4,4.1
6085,Студент 6085,ББМО-01-23,4,5,5.1
6086,Студент 6086,ББМО-01-23,3,4,4.4
6089,Студент 6089,ББМО-01-23,4,5,5.4
6090,Студент 6090,ББМО-01-23,3,4,3.8
6093,Студент 6093,ББМО-01-23,4,5,4.8
6094,Студент 6094,ББМО-01-23,3,4,4.1
6097,Студент 6097,ББМО-01-23,4,5,5.1
6098,Студент 6098,ББМО-01-23,3,4,4.4
6101,Студент 6101,ББМО-01-23,4,5,5.4
6102,Студент 6102,ББМО-01-23,3,4,3.8
6105,Студент 6105,ББМО-01-23,4,5,4.8
6106,Студент 6106,ББМО-01-23,3,4,4.1
6109,Студент 6109,ББМО-01-23,4,5,5.1
6110,Студент 6110,ББМО-01-23,3,4,4.4
6113,Студент 6113,ББМО-01-23,4,5,5.4
6114,Студент 6114,ББМО-01-23,3,4,3.8
6117,Студент 6117,ББМО-01-23,4,5,4.8
6118,Студент 6118,ББМО-01-23,3,4,4.1
6121,Студент 6121,ББМО-01-23,4,5,5.1
6122,Студент 6122,ББМО-01-23,3,4,4.4
6125,Студент 6125,ББМО-01-23,4,5,5.4
6126,Студент 6126,ББМО-01-23,3,4,3.8
6129,Студент 6129,ББМО-01-23,4,5,4.8
6130,Студент 6130,ББМО-01-23,3,4,4.1
6133,Студент 6133,ББМО-01-23,4,5,5.1
6134,Студент 6134,ББМО-01-23,3,4,4.4
6137,Студент 6137,ББМО-01-23,4,5,5.4
6138,Студент 6138,ББМО-01-23,3,4,3.8
6141,Студент 6141,ББМО-01-23,4,5,4.8
6142,Студент 6142,ББМО-01-23,3,4,4.1
6145,Студент 6145,ББМО-01-23,4,5,5.1
6146,Студент 6146,ББМО-01-23,3,4,4.4
6149,Студент 6149,ББМО-01-23,4,5,5.4
6150,Студент 6150,ББМО-01-23,3,4,3.8
6153,Студент 6153,ББМО-01-23,4,5,4.8
6154,Студент 6154,ББМО-01-23,3,4,4.1
6157,Студент 6157,ББМО-01-23,4,5,5.1
6158,Студент 6158,ББМО-01-23,3,4,4.4
6161,Студент 6161,ББМО-01-23,4,5,5.4
6162,Студент 6162,ББМО-01-23,3,4,3.8
6165,Студент 6165,ББМО-01-23,4,5,4.8
6166,Студент 6166,ББМО-01-23,3,4,4.1
6169,Студент 6169,ББМО-01-23,4,5,5.1
6170,Студент 6170,ББМО-01-23,3,4,4.4
6173,Студент 6173,ББМО-01-23,4,5,5.4
6174,Студент 6174,ББМО-01-23,3,4,3.8
6177,Студент 6177,ББМО-01-23,4,5,4.8
6178,Студент 6178,ББМО-01-23,3,4,4.1
6181,Студент 6181,ББМО-01-23,4,5,5.1
6182,Студент 6182,ББМО-01-23,3,4,4.4
6185,Студент 6185,ББМО-01-23,4,5,5.4
6186,Студент 6186,ББМО-01-23,3,4,3.8
6189,Студент 6189,ББМО-01-23,4,5,4.8
6190,Студент 6190,ББМО-01-23,3,4,4.1
6193,Студент 6193,ББМО-01-23,4,5,5.1
6194,Студент 6194,ББМО-01-23,3,4,4.4
6197,Студент 6197,ББМО-01-23,4,5,5.4
6198,Студент 6198,ББМО-01-23,3,4,3.8
6201,Студент 6201,ББМО-01-23,4,5,4.8
6202,Студент 6202,ББМО-01-23,3,4,4.1
6205,Студент 6205,ББМО-01-23,4,5,5.1
6206,Студент 6206,ББМО-01-23,3,4,4.4
6209,Студент 6209,ББМО-01-23,4,5,5.4
6210,Студент 6210,ББМО-01-23,3,4,3.8
6213,Студент 6213,ББМО-01-23,4,5,4.8
6214,Студент 6214,ББМО-01-23,3,4,4.1
6217,Студент 6217,ББМО-01-23,4,5,5.1
6218,Студент 6218,ББМО-01-23,3,4,4.4
6221,Студент 6221,ББМО-01-23,4,5,5.4
6222,Студент 6222,ББМО-01-23,3,4,3.8
6225,Студент 6225,ББМО-01-23,4,5,4.8
6226,Студент 6226,ББМО-01-23,3,4,4.1
6229,Студент 6229,ББМО-01-23,4,5,5.1
6230,Студент 6230,ББМО-01-23,3,4,4.4
6233,Студент 6233,ББМО-01-23,4,5,5.4
6234,Студент 6234,ББМО-01-23,3,4,3.8
6237,Студент 6237,ББМО-01-23,4,5,4.8
6238,Студент 6238,ББМО-01-23,3,4,4.1
6241,Студент 6241,ББМО-01-23,4,5,5.1
6242,Студент 6242,ББМО-01-23,3,4,4.4
6245,Студент 6245,ББМО-01-23,4,5,5.4
6246,Студент 6246,ББМО-01-23,3,4,3.8
6249,Студент 6249,ББМО-01-23,4,5,4.8
6250,Студент 6250,ББМО-01-23,3,4,4.1
6253,Студент 6253,ББМО-01-23,4,5,5.1
6254,Студент 6254,ББМО-01-23,3,4,4.4
6257,Студент 6257,ББМО-01-23,4,5,5.4
6258,Студент 6258,ББМО-01-23,3,4,3.8
6261,Студент 6261,ББМО-01-23,4,5,4.8
6262,Студент 6262,ББМО-01-23,3,4,4.1
6265,Студент 6265,ББМО-01-23,4,5,5.1
6266,Студент 6266,ББМО-01-23,3,4,4.4
6269,Студент 6269,ББМО-01-23,4,5,5.4
6270,Студент 6270,ББМО-01-23,3,4,3.8
6273,Студент 6273,ББМО-01-23,4,5,4.8
6274,Студент 6274,ББМО-01-23,3,4,4.1
6277,Студент 6277,ББМО-01-23,4,5,5.1
6278,Студент 6278,ББМО-01-23,3,4,4.4
6281,Студент 6281,ББМО-01-23,4,5,5.4
6282,Студент 6282,ББМО-01-23,3,4,3.8
6285,Студент 6285,ББМО-01-23,4,5,4.8
6286,Студент 6286,ББМО-01-23,3,4,4.1
6289,Студент 6289,ББМО-01-23,4,5,5.1
6290,Студент 6290,ББМО-01-23,3,4,4.4
6293,Студент 6293,ББМО-01-23,4,5,5.4
6294,Студент 6294,ББМО-01-23,3,4,3.8
6297,Студент 6297,ББМО-01-23,4,5,4.8
6298,Студент 6298,ББМО-01-23,3,4,4.1
6301,Студент 6301,ББМО-01-23,4,5,5.1
6302,Студент 6302,ББМО-01-23,3,4,4.4
6305,Студент 6305,ББМО-01-23,4,5,5.4
6306,Студент 6306,ББМО-01-23,3,4,3.8
6309,Студент 6309,ББМО-01-23,4,5,4.8
6310,Студент 6310,ББМО-01-23,3,4,4.1
6313,Студент 6313,ББМО-01-23,4,5,5.1
6314,Студент 6314,ББМО-01-23,3,4,4.4
6317,Студент 6317,ББМО-01-23,4,5,5.4
6318,Студент 6318,ББМО-01-23,3,4,3.8
6321,Студент 6321,ББМО-01-23,4,5,4.8
6322,Студент 6322,ББМО-01-23,3,4,4.1
6325,Студент 6325,ББМО-01-23,4,5,5.1
6326,Студент 6326,ББМО-01-23,3,4,4.4
6329,Студент 6329,ББМО-01-23,4,5,5.4
6330,Студент 6330,ББМО-01-23,3,4,3.8
6333,Студент 6333,ББМО-01-23,4,5,4.8
6334,Студент 6334,ББМО-01-23,3,4,4.1
6337,Студент 6337,ББМО-01-23,4,5,5.1
6338,Студент 6338,ББМО-01-23,3,4,4.4
6341,Студент 6341,ББМО-01-23,4,5,5.4
6342,Студент 6342,ББМО-01-23,3,4,3.8
6345,Студент 6345,ББМО-01-23,4,5,4.8
6346,Студент 6346,ББМО-01-23,3,4,4.1
6349,Студент 6349,ББМО-01-23,4,5,5.1
6350,Студент 6350,ББМО-01-23,3,4,4.4
6353,Студент 6353,ББМО-01-23,4,5,5.4
6354,Студент 6354,ББМО-01-23,3,4,3.8
6357,Студент 6357,ББМО-01-23,4,5,4.8
6358,Студент 6358,ББМО-01-23,3,4,4.1
6361,Студент 6361,ББМО-01-23,4,5,5.1
6362,Студент 6362,ББМО-01-23,3,4,4.4
6365,Студент 6365,ББМО-01-23,4,5,5.4
6366,Студент 6366,ББМО-01-23,3,4,3.8
6369,Студент 6369,ББМО-01-23,4,5,4.8
6370,Студент 6370,ББМО-01-23,3,4,4.1
6373,Студент 6373,ББМО-01-23,4,5,5.1
6374,Студент 6374,ББМО-01-23,3,4,4.4
6377,Студент 6377,ББМО-01-23,4,5,5.4
6378,Студент 6378,ББМО-01-23,3,4,3.8
6381,Студент 6381,ББМО-01-23,4,5,4.8
6382,Студент 6382,ББМО-01-23,3,4,4.1
6385,Студент 6385,ББМО-01-23,4,5,5.1
6386,Студент 6386,ББМО-01-23,3,4,4.4
6389,Студент 6389,ББМО-01-23,4,5,5.4
6390,Студент 6390,ББМО-01-23,3,4,3.8
6393,Студент 6393,ББМО-01-23,4,5,4.8
6394,Студент 6394,ББМО-01-23,3,4,4.1
6397,Студент 6397,ББМО-01-23,4,5,5.1
6398,Студент 6398,ББМО-01-23,3,4,4.4
6401,Студент 6401,ББМО-01-23,4,5,5.4
6402,Студент 6402,ББМО-01-23,3,4,3.8
6405,Студент 6405,ББМО-01-23,4,5,4.8
6406,Студент 6406,ББМО-01-23,3,4,4.1
6409,Студент 6409,ББМО-01-23,4,5,5.1
6410,Студент 6410,ББМО-01-23,3,4,4.4
6413,Студент 6413,ББМО-01-23,4,5,5.4
6414,Студент 6414,ББМО-01-23,3,4,3.8
6417,Студент 6417,ББМО-01-23,4,5,4.8
6418,Студент 6418,ББМО-01-23,3,4,4.1
6421,Студент 6421,ББМО-01-23,4,5,5.1
6422,Студент 6422,ББМО-01-23,3,4,4.4
6425,Студент 6425,ББМО-01-23,4,5,5.4
6426,Студент 6426,ББМО-01-23,3,4,3.8
6429,Студент 6429,ББМО-01-23,4,5,4.8
6430,Студент 6430,ББМО-01-23,3,4,4.1
6433,Студент 6433,ББМО-01-23,4,5,5.1
6434,Студент 6434,ББМО-01-23,3,4,4.4
6437,Студент 6437,ББМО-01-23,4,5,5.4
6438,Студент 6438,ББМО-01-23,3,4,3.8
6441,Студент 6441,ББМО-01-23,4,5,4.8
6442,Студент 6442,ББМО-01-23,3,4,4.1
6445,Студент 6445,ББМО-01-23,4,5,5.1
6446,Студент 6446,ББМО-01-23,3,4,4.4
6449,Студент 6449,ББМО-01-23,4,5,5.4
6450,Студент 6450,ББМО-01-23,3,4,3.8
6453,Студент 6453,ББМО-01-23,4,5,4.8
6454,Студент 6454,ББМО-01-23,3,4,4.1
6457,Студент 6457,ББМО-01-23,4,5,5.1
6458,Студент 6458,ББМО-01-23,3,4,4.4
6461,Студент 6461,ББМО-01-23,4,5,5.4
6462,Студент 6462,ББМО-01-23,3,4,3.8
6465,Студент 6465,ББМО-01-23,4,5,4.8
6466,Студент 6466,ББМО-01-23,3,4,4.1
6469,Студент 6469,ББМО-01-23,4,5,5.1
6470,Студент 6470,ББМО-01-23,3,4,4.4
6473,Студент 6473,ББМО-01-23,4,5,5.4
6474,Студент 6474,ББМО-01-23,3,4,3.8
6477,Студент 6477,ББМО-01-23,4,5,4.8
6478,Студент 6478,ББМО-01-23,3,4,4.1
6481,Студент 6481,ББМО-01-23,4,5,5.1
6482,Студент 6482,ББМО-01-23,3,4,4.4
6485,Студент 6485,ББМО-01-23,4,5,5.4
6486,Студент 6486,ББМО-01-23,3,4,3.8
6489,Студент 6489,ББМО-01-23,4,5,4.8
6490,Студент 6490,ББМО-01-23,3,4,4.1
6493,Студент 6493,ББМО-01-23,4,5,5.1
6494,Студент 6494,ББМО-01-23,3,4,4.4
6497,Студент 6497,ББМО-01-23,4,5,5.4
6498,Студент 6498,ББМО-01-23,3,4,3.8
6501,Студент 6501,ББМО-01-23,4,5,4.8
6502,Студент 6502,ББМО-01-23,3,4,4.1
6505,Студент 6505,ББМО-01-23,4,5,5.1
6506,Студент 6506,ББМО-01-23,3,4,4.4
6509,Студент 6509,ББМО-01-23,4,5,5.4
6510,Студент 6510,ББМО-01-23,3,4,3.8
6513,Студент 6513,ББМО-01-23,4,5,4.8
6514,Студент 6514,ББМО-01-23,3,4,4.1
6517,Студент 6517,ББМО-01-23,4,5,5.1
6518,Студент 6518,ББМО-01-23,3,4,4.4
6521,Студент 6521,ББМО-01-23,4,5,5.4
6522,Студент 6522,ББМО-01-23,3,4,3.8
6525,Студент 6525,ББМО-01-23,4,5,4.8
6526,Студент 6526,ББМО-01-23,3,4,4.1
6529,Студент 6529,ББМО-01-23,4,5,5.1
6530,Студент 6530,ББМО-01-23,3,4,4.4
6533,Студент 6533,ББМО-01-23,4,5,5.4
6534,Студент 6534,ББМО-01-23,3,4,3.8
6537,Студент 6537,ББМО-01-23,4,5,4.8
6538,Студент 6538,ББМО-01-23,3,4,4.1
6541,Студент 6541,ББМО-01-23,4,5,5.1
6542,Студент 6542,ББМО-01-23,3,4,4.4
6545,Студент 6545,ББМО-01-23,4,5,5.4
6546,Студент 6546,ББМО-01-23,3,4,3.8
6549,Студент 6549,ББМО-01-23,4,5,4.8
6550,Студент 6550,ББМО-01-23,3,4,4.1
6553,Студент 6553,ББМО-01-23,4,5,5.1
6554,Студент 6554,ББМО-01-23,3,4,4.4
6557,Студент 6557,ББМО-01-23,4,5,5.4
6558,Студент 6558,ББМО-01-23,3,4,3.8
6561,Студент 6561,ББМО-01-23,4,5,4.8
6562,Студент 6562,ББМО-01-23,3,4,4.1
6565,Студент 6565,ББМО-01-23,4,5,5.1
6566,Студент 6566,ББМО-01-23,3,4,4.4
6569,Студент 6569,ББМО-01-23,4,5,5.4
6570,Студент 6570,ББМО-01-23,3,4,3.8
6573,Студент 6573,ББМО-01-23,4,5,4.8
6574,Студент 6574,ББМО-01-23,3,4,4.1
6577,Студент 6577,ББМО-01-23,4,5,5.1
6578,Студент 6578,ББМО-01-23,3,4,4.4
6581,Студент 6581,ББМО-01-23,4,5,5.4
6582,Студент 6582,ББМО-01-23,3,4,3.8
6585,Студент 6585,ББМО-01-23,4,5,4.8
6586,Студент 6586,ББМО-01-23,3,4,4.1
6589,Студент 6589,ББМО-01-23,4,5,5.1
6590,Студент 6590,ББМО-01-23,3,4,4.4
6593,Студент 6593,ББМО-01-23,4,5,5.4
6594,Студент 6594,ББМО-01-23,3,4,3.8
6597,Студент 6597,ББМО-01-23,4,5,4.8
6598,Студент 6598,ББМО-01-23,3,4,4.1
6601,Студент 6601,ББМО-01-23,4,5,5.1
6602,Студент 6602,ББМО-01-23,3,4,4.4
6605,Студент 6605,ББМО-01-23,4,5,5.4
6606,Студент 6606,ББМО-01-23,3,4,3.8
6609,Студент 6609,ББМО-01-23,4,5,4.8
6610,Студент 6610,ББМО-01-23,3,4,4.1
6613,Студент 6613,ББМО-01-23,4,5,5.1
6614,Студент 6614,ББМО-01-23,3,4,4.4
6617,Студент 6617,ББМО-01-23,4,5,5.4
6618,Студент 6618,ББМО-01-23,3,4,3.8
6621,Студент 6621,ББМО-01-23,4,5,4.8
6622,Студент 6622,ББМО-01-23,3,4,4.1
6625,Студент 6625,ББМО-01-23,4,5,5.1
6626,Студент 6626,ББМО-01-23,3,4,4.4
6629,Студент 6629,ББМО-01-23,4,5,5.4
6630,Студент 6630,ББМО-01-23,3,4,3.8
6633,Студент 6633,ББМО-01-23,4,5,4.8
6634,Студент 6634,ББМО-01-23,3,4,4.1
6637,Студент 6637,ББМО-01-23,4,5,5.1
6638,Студент 6638,ББМО-01-23,3,4,4.4
6641,Студент 6641,ББМО-01-23,4,5,5.4
6642,Студент 6642,ББМО-01-23,3,4,3.8
6645,Студент 6645,ББМО-01-23,4,5,4.8
6646,Студент 6646,ББМО-01-23,3,4,4.1
6649,Студент 6649,ББМО-01-23,4,5,5.1
6650,Студент 6650,ББМО-01-23,3,4,4.4
6653,Студент 6653,ББМО-01-23,4,5,5.4
6654,Студент 6654,ББМО-01-23,3,4,3.8
6657,Студент 6657,ББМО-01-23,4,5,4.8
6658,Студент 6658,ББМО-01-23,3,4,4.1
6661,Студент 6661,ББМО-01-23,4,5,5.1
6662,Студент 6662,ББМО-01-23,3,4,4.4
6665,Студент 6665,ББМО-01-23,4,5,5.4
6666,Студент 6666,ББМО-01-23,3,4,3.8
6669,Студент 6669,ББМО-01-23,4,5,4.8
6670,Студент 6670,ББМО-01-23,3,4,4.1
6673,Студент 6673,ББМО-01-23,4,5,5.1
6674,Студент 6674,ББМО-01-23,3,4,4.4
6677,Студент 6677,ББМО-01-23,4,5,5.4
6678,Студент 6678,ББМО-01-23,3,4,3.8
6681,Студент 6681,ББМО-01-23,4,5,4.8
6682,Студент 6682,ББМО-01-23,3,4,4.1
6685,Студент 6685,ББМО-01-23,4,5,5.1
6686,Студент 6686,ББМО-01-23,3,4,4.4
6689,Студент 6689,ББМО-01-23,4,5,5.4
6690,Студент 6690,ББМО-01-23,3,4,3.8
6693,Студент 6693,ББМО-01-23,4,5,4.8
6694,Студент 6694,ББМО-01-23,3,4,4.1
6697,Студент 6697,ББМО-01-23,4,5,5.1
6698,Студент 6698,ББМО-01-23,3,4,4.4
6701,Студент 6701,ББМО-01-23,4,5,5.4
6702,Студент 6702,ББМО-01-23,3,4,3.8
6705,Студент 6705,ББМО-01-23,4,5,4.8
6706,Студент 6706,ББМО-01-23,3,4,4.1
6709,Студент 6709,ББМО-01-23,4,5,5.1
6710,Студент 6710,ББМО-01-23,3,4,4.4
6713,Студент 6713,ББМО-01-23,4,5,5.4
6714,Студент 6714,ББМО-01-23,3,4,3.8
6717,Студент 6717,ББМО-01-23,4,5,4.8
6718,Студент 6718,ББМО-01-23,3,4,4.1
6721,Студент 6721,ББМО-01-23,4,5,5.1
6722,Студент 6722,ББМО-01-23,3,4,4.4
6725,Студент 6725,ББМО-01-23,4,5,5.4
6726,Студент 6726,ББМО-01-23,3,4,3.8
6729,Студент 6729,ББМО-01-23,4,5,4.8
6730,Студент 6730,ББМО-01-23,3,4,4.1
6733,Студент 6733,ББМО-01-23,4,5,5.1
6734,Студент 6734,ББМО-01-23,3,4,4.4
6737,Студент 6737,ББМО-01-23,4,5,5.4
6738,Студент 6738,ББМО-01-23,3,4,3.8
6741,Студент 6741,ББМО-01-23,4,5,4.8
6742,Студент 6742,ББМО-01-23,3,4,4.1
6745,Студент 6745,ББМО-01-23,4,5,5.1
6746,Студент 6746,ББМО-01-23,3,4,4.4
6749,Студент 6749,ББМО-01-23,4,5,5.4
6750,Студент 6750,ББМО-01-23,3,4,3.8
6753,Студент 6753,ББМО-01-23,4,5,4.8
6754,Студент 6754,ББМО-01-23,3,4,4.1
6757,Студент 6757,ББМО-01-23,4,5,5.1
6758,Студент 6758,ББМО-01-23,3,4,4.4
6761,Студент 6761,ББМО-01-23,4,5,5.4
6762,Студент 6762,ББМО-01-23,3,4,3.8
6765,Студент 6765,ББМО-01-23,4,5,4.8
6766,Студент 6766,ББМО-01-23,3,4,4.1
6769,Студент 6769,ББМО-01-23,4,5,5.1
6770,Студент 6770,ББМО-01-23,3,4,4.4
6773,Студент 6773,ББМО-01-23,4,5,5.4
6774,Студент 6774,ББМО-01-23,3,4,3.8
6777,Студент 6777,ББМО-01-23,4,5,4.8
6778,Студент 6778,ББМО-01-23,3,4,4.1
6781,Студент 6781,ББМО-01-23,4,5,5.1
6782,Студент 6782,ББМО-01-23,3,4,4.4
6785,Студент 6785,ББМО-01-23,4,5,5.4
6786,Студент 6786,ББМО-01-23,3,4,3.8
6789,Студент 6789,ББМО-01-23,4,5,4.8
6790,Студент 6790,ББМО-01-23,3,4,4.1
6793,Студент 6793,ББМО-01-23,4,5,5.1
6794,Студент 6794,ББМО-01-23,3,4,4.4
6797,Студент 6797,ББМО-01-23,4,5,5.4
6798,Студент 6798,ББМО-01-23,3,4,3.8
6801,Студент 6801,ББМО-01-23,4,5,4.8
6802,Студент 6802,ББМО-01-23,3,4,4.1
6805,Студент 6805,ББМО-01-23,4,5,5.1
6806,Студент 6806,ББМО-01-23,3,4,4.4
6809,Студент 6809,ББМО-01-23,4,5,5.4
6810,Студент 6810,ББМО-01-23,3,4,3.8
6813,Студент 6813,ББМО-01-23,4,5,4.8
6814,Студент 6814,ББМО-01-23,3,4,4.1
6817,Студент 6817,ББМО-01-23,4,5,5.1
6818,Студент 6818,ББМО-01-23,3,4,4.4
6821,Студент 6821,ББМО-01-23,4,5,5.4
6822,Студент 6822,ББМО-01-23,3,4,3.8
6825,Студент 6825,ББМО-01-23,4,5,4.8
6826,Студент 6826,ББМО-01-23,3,4,4.1
6829,Студент 6829,ББМО-01-23,4,5,5.1
6830,Студент 6830,ББМО-01-23,3,4,4.4
6833,Студент 6833,ББМО-01-23,4,5,5.4
6834,Студент 6834,ББМО-01-23,3,4,3.8
6837,Студент 6837,ББМО-01-23,4,5,4.8
6838,Студент 6838,ББМО-01-23,3,4,4.1
6841,Студент 6841,ББМО-01-23,4,5,5.1
6842,Студент 6842,ББМО-01-23,3,4,4.4
6845,Студент 6845,ББМО-01-23,4,5,5.4
6846,Студент 6846,ББМО-01-23,3,4,3.8
6849,Студент 6849,ББМО-01-23,4,5,4.8
6850,Студент 6850,ББМО-01-23,3,4,4.1
6853,Студент 6853,ББМО-01-23,4,5,5.1
6854,Студент 6854,ББМО-01-23,3,4,4.4
6857,Студент 6857,ББМО-01-23,4,5,5.4
6858,Студент 6858,ББМО-01-23,3,4,3.8
6861,Студент 6861,ББМО-01-23,4,5,4.8
6862,Студент 6862,ББМО-01-23,3,4,4.1
6865,Студент 6865,ББМО-01-23,4,5,5.1
6866,Студент 6866,ББМО-01-23,3,4,4.4
6869,Студент 6869,ББМО-01-23,4,5,5.4
6870,Студент 6870,ББМО-01-23,3,4,3.8
6873,Студент 6873,ББМО-01-23,4,5,4.8
6874,Студент 6874,ББМО-01-23,3,4,4.1
6877,Студент 6877,ББМО-01-23,4,5,5.1
6878,Студент 6878,ББМО-01-23,3,4,4.4
6881,Студент 6881,ББМО-01-23,4,5,5.4
6882,Студент 6882,ББМО-01-23,3,4,3.8
6885,Студент 6885,ББМО-01-23,4,5,4.8
6886,Студент 6886,ББМО-01-23,3,4,4.1
6889,Студент 6889,ББМО-01-23,4,5,5.1
6890,Студент 6890,ББМО-01-23,3,4,4.4
6893,Студент 6893,ББМО-01-23,4,5,5.4
6894,Студент 6894,ББМО-01-23,3,4,3.8
6897,Студент 6897,ББМО-01-23,4,5,4.8
6898,Студент 6898,ББМО-01-23,3,4,4.1
6901,Студент 6901,ББМО-01-23,4,5,5.1
6902,Студент 6902,ББМО-01-23,3,4,4.4
6905,Студент 6905,ББМО-01-23,4,5,5.4
6906,Студент 6906,ББМО-01-23,3,4,3.8
6909,Студент 6909,ББМО-01-23,4,5,4.8
6910,Студент 6910,ББМО-01-23,3,4,4.1
6913,Студент 6913,ББМО-01-23,4,5,5.1
6914,Студент 6914,ББМО-01-23,3,4,4.4
6917,Студент 6917,ББМО-01-23,4,5,5.4
6918,Студент 6918,ББМО-01-23,3,4,3.8
6921,Студент 6921,ББМО-01-23,4,5,4.8
6922,Студент 6922,ББМО-01-23,3,4,4.1
6925,Студент 6925,ББМО-01-23,4,5,5.1
6926,Студент 6926,ББМО-01-23,3,4,4.4
6929,Студент 6929,ББМО-01-23,4,5,5.4
6930,Студент 6930,ББМО-01-23,3,4,3.8
6933,Студент 6933,ББМО-01-23,4,5,4.8
6934,Студент 6934,ББМО-01-23,3,4,4.1
6937,Студент 6937,ББМО-01-23,4,5,5.1
6938,Студент 6938,ББМО-01-23,3,4,4.4
6941,Студент 6941,ББМО-01-23,4,5,5.4
6942,Студент 6942,ББМО-01-23,3,4,3.8
6945,Студент 6945,ББМО-01-23,4,5,4.8
6946,Студент 6946,ББМО-01-23,3,4,4.1
6949,Студент 6949,ББМО-01-23,4,5,5.1
6950,Студент 6950,ББМО-01-23,3,4,4.4
6953,Студент 6953,ББМО-01-23,4,5,5.4
6954,Студент 6954,ББМО-01-23,3,4,3.8
6957,Студент 6957,ББМО-01-23,4,5,4.8
6958,Студент 6958,ББМО-01-23,3,4,4.1
6961,Студент 6961,ББМО-01-23,4,5,5.1
6962,Студент 6962,ББМО-01-23,3,4,4.4
6965,Студент 6965,ББМО-01-23,4,5,5.4
6966,Студент 6966,ББМО-01-23,3,4,3.8
6969,Студент 6969,ББМО-01-23,4,5,4.8
6970,Студент 6970,ББМО-01-23,3,4,4.1
6973,Студент 6973,ББМО-01-23,4,5,5.1
6974,Студент 6974,ББМО-01-23,3,4,4.4
6977,Студент 6977,ББМО-01-23,4,5,5.4
6978,Студент 6978,ББМО-01-23,3,4,3.8
6981,Студент 6981,ББМО-01-23,4,5,4.8
6982,Студент 6982,ББМО-01-23,3,4,4.1
6985,Студент 6985,ББМО-01-23,4,5,5.1
6986,Студент 6986,ББМО-01-23,3,4,4.4
6989,Студент 6989,ББМО-01-23,4,5,5.4
6990,Студент 6990,ББМО-01-23,3,4,3.8
6994,Студент 6994,ББМО-01-23,3,4,4.1
6997,Студент 6997,ББМО-01-23,4,5,5.1
6998,Студент 6998,ББМО-01-23,3,4,4.4
7001,Студент 7001,ББМО-01-23,4,5,5.4
7002,Студент 7002,ББМО-01-23,3,4,3.8
7005,Студент 7005,ББМО-01-23,4,5,4.8
7006,Студент 7006,ББМО-01-23,3,4,4.1
7009,Студент 7009,ББМО-01-23,4,5,5.1
7010,Студент 7010,ББМО-01-23,3,4,4.4
7013,Студент 7013,ББМО-01-23,4,5,5.4
7014,Студент 7014,ББМО-01-23,3,4,3.8
7017,Студент 7017,ББМО-01-23,4,5,4.8
7018,Студент 7018,ББМО-01-23,3,4,4.1
7021,Студент 7021,ББМО-01-23,4,5,5.1
7022,Студент 7022,ББМО-01-23,3,4,4.4
7025,Студент 7025,ББМО-01-23,4,5,5.4
7026,Студент 7026,ББМО-01-23,3,4,3.8
7029,Студент 7029,ББМО-01-23,4,5,4.8
7030,Студент 7030,ББМО-01-23,3,4,4.1
7033,Студент 7033,ББМО-01-23,4,5,5.1
7034,Студент 7034,ББМО-01-23,3,4,4.4
7037,Студент 7037,ББМО-01-23,4,5,5.4
7038,Студент 7038,ББМО-01-23,3,4,3.8
7041,Студент 7041,ББМО-01-23,4,5,4.8
7042,Студент 7042,ББМО-01-23,3,4,4.1
7045,Студент 7045,ББМО-01-23,4,5,5.1
7046,Студент 7046,ББМО-01-23,3,4,4.4
7049,Студент 7049,ББМО-01-23,4,5,5.4
7050,Студент 7050,ББМО-01-23,3,4,3.8
7053,Студент 7053,ББМО-01-23,4,5,4.8
7054,Студент 7054,ББМО-01-23,3,4,4.1
7057,Студент 7057,ББМО-01-23,4,5,5.1
7058,Студент 7058,ББМО-01-23,3,4,4.4
7061,Студент 7061,ББМО-01-23,4,5,5.4
7062,Студент 7062,ББМО-01-23,3,4,3.8
7065,Студент 7065,ББМО-01-23,4,5,4.8
7066,Студент 7066,ББМО-01-23,3,4,4.1
7069,Студент 7069,ББМО-01-23,4,5,5.1
7070,Студент 7070,ББМО-01-23,3,4,4.4
7073,Студент 7073,ББМО-01-23,4,5,5.4
7074,Студент 7074,ББМО-01-23,3,4,3.8
7077,Студент 7077,ББМО-01-23,4,5,4.8
7078,Студент 7078,ББМО-01-23,3,4,4.1
7081,Студент 7081,ББМО-01-23,4,5,5.1
7082,Студент 7082,ББМО-01-23,3,4,4.4
7085,Студент 7085,ББМО-01-23,4,5,5.4
7086,Студент 7086,ББМО-01-23,3,4,3.8
7089,Студент 7089,ББМО-01-23,4,5,4.8
7090,Студент 7090,ББМО-01-23,3,4,4.1
7093,Студент 7093,ББМО-01-23,4,5,5.1
7094,Студент 7094,ББМО-01-23,3,4,4.4
7097,Студент 7097,ББМО-01-23,4,5,5.4
7098,Студент 7098,ББМО-01-23,3,4,3.8
7101,Студент 7101,ББМО-01-23,4,5,4.8
7102,Студент 7102,ББМО-01-23,3,4,4.1
7105,Студент 7105,ББМО-01-23,4,5,5.1
7106,Студент 7106,ББМО-01-23,3,4,4.4
7109,Студент 7109,ББМО-01-23,4,5,5.4
7110,Студент 7110,ББМО-01-23,3,4,3.8
7113,Студент 7113,ББМО-01-23,4,5,4.8
7114,Студент 7114,ББМО-01-23,3,4,4.1
7117,Студент 7117,ББМО-01-23,4,5,5.1
7118,Студент 7118,ББМО-01-23,3,4,4.4
7121,Студент 7121,ББМО-01-23,4,5,5.4
7122,Студент 7122,ББМО-01-23,3,4,3.8
7125,Студент 7125,ББМО-01-23,4,5,4.8
7126,Студент 7126,ББМО-01-23,3,4,4.1
7129,Студент 7129,ББМО-01-23,4,5,5.1
7130,Студент 7130,ББМО-01-23,3,4,4.4
7133,Студент 7133,ББМО-01-23,4,5,5.4
7134,Студент 7134,ББМО-01-23,3,4,3.8
7137,Студент 7137,ББМО-01-23,4,5,4.8
7138,Студент 7138,ББМО-01-23,3,4,4.1
7141,Студент 7141,ББМО-01-23,4,5,5.1
7142,Студент 7142,ББМО-01-23,3,4,4.4
7145,Студент 7145,ББМО-01-23,4,5,5.4
7146,Студент 7146,ББМО-01-23,3,4,3.8
7149,Студент 7149,ББМО-01-23,4,5,4.8
7150,Студент 7150,ББМО-01-23,3,4,4.1
7153,Студент 7153,ББМО-01-23,4,5,5.1
7154,Студент 7154,ББМО-01-23,3,4,4.4
7157,Студент 7157,ББМО-01-23,4,5,5.4
7158,Студент 7158,ББМО-01-23,3,4,3.8
7161,Студент 7161,ББМО-01-23,4,5,4.8
7162,Студент 7162,ББМО-01-23,3,4,4.1
7165,Студент 7165,ББМО-01-23,4,5,5.1
7166,Студент 7166,ББМО-01-23,3,4,4.4
7169,Студент 7169,ББМО-01-23,4,5,5.4
7170,Студент 7170,ББМО-01-23,3,4,3.8
7173,Студент 7173,ББМО-01-23,4,5,4.8
7174,Студент 7174,ББМО-01-23,3,4,4.1
7177,Студент 7177,ББМО-01-23,4,5,5.1
7178,Студент 7178,ББМО-01-23,3,4,4.4
7181,Студент 7181,ББМО-01-23,4,5,5.4
7182,Студент 7182,ББМО-01-23,3,4,3.8
7185,Студент 7185,ББМО-01-23,4,5,4.8
7186,Студент 7186,ББМО-01-23,3,4,4.1
7189,Студент 7189,ББМО-01-23,4,5,5.1
7190,Студент 7190,ББМО-01-23,3,4,4.4
7193,Студент 7193,ББМО-01-23,4,5,5.4
7194,Студент 7194,ББМО-01-23,3,4,3.8
7197,Студент 7197,ББМО-01-23,4,5,4.8
7198,Студент 7198,ББМО-01-23,3,4,4.1
7201,Студент 7201,ББМО-01-23,4,5,5.1
7202,Студент 7202,ББМО-01-23,3,4,4.4
7205,Студент 7205,ББМО-01-23,4,5,5.4
7206,Студент 7206,ББМО-01-23,3,4,3.8
7209,Студент 7209,ББМО-01-23,4,5,4.8
7210,Студент 7210,ББМО-01-23,3,4,4.1
7213,Студент 7213,ББМО-01-23,4,5,5.1
7214,Студент 7214,ББМО-01-23,3,4,4.4
7217,Студент 7217,ББМО-01-23,4,5,5.4
7218,Студент 7218,ББМО-01-23,3,4,3.8
7221,Студент 7221,ББМО-01-23,4,5,4.8
7222,Студент 7222,ББМО-01-23,3,4,4.1
7225,Студент 7225,ББМО-01-23,4,5,5.1
7226,Студент 7226,ББМО-01-23,3,4,4.4
7229,Студент 7229,ББМО-01-23,4,5,5.4
7230,Студент 7230,ББМО-01-23,3,4,3.8
7233,Студент 7233,ББМО-01-23,4,5,4.8
7234,Студент 7234,ББМО-01-23,3,4,4.1
7237,Студент 7237,ББМО-01-23,4,5,5.1
7238,Студент 7238,ББМО-01-23,3,4,4.4
7241,Студент 7241,ББМО-01-23,4,5,5.4
7242,Студент 7242,ББМО-01-23,3,4,3.8
7245,Студент 7245,ББМО-01-23,4,5,4.8
7246,Студент 7246,ББМО-01-23,3,4,4.1
7249,Студент 7249,ББМО-01-23,4,5,5.1
7250,Студент 7250,ББМО-01-23,3,4,4.4
7253,Студент 7253,ББМО-01-23,4,5,5.4
7254,Студент 7254,ББМО-01-23,3,4,3.8
7257,Студент 7257,ББМО-01-23,4,5,4.8
7258,Студент 7258,ББМО-01-23,3,4,4.1
7261,Студент 7261,ББМО-01-23,4,5,5.1
7262,Студент 7262,ББМО-01-23,3,4,4.4
7265,Студент 7265,ББМО-01-23,4,5,5.4
7266,Студент 7266,ББМО-01-23,3,4,3.8
7269,Студент 7269,ББМО-01-23,4,5,4.8
7270,Студент 7270,ББМО-01-23,3,4,4.1
7273,Студент 7273,ББМО-01-23,4,5,5.1
7274,Студент 7274,ББМО-01-23,3,4,4.4
7277,Студент 7277,ББМО-01-23,4,5,5.4
7278,Студент 7278,ББМО-01-23,3,4,3.8
7281,Студент 7281,ББМО-01-23,4,5,4.8
7282,Студент 7282,ББМО-01-23,3,4,4.1
7285,Студент 7285,ББМО-01-23,4,5,5.1
7286,Студент 7286,ББМО-01-23,3,4,4.4
7289,Студент 7289,ББМО-01-23,4,5,5.4
7290,Студент 7290,ББМО-01-23,3,4,3.8
7293,Студент 7293,ББМО-01-23,4,5,4.8
7294,Студент 7294,ББМО-01-23,3,4,4.1
7297,Студент 7297,ББМО-01-23,4,5,5.1
7298,Студент 7298,ББМО-01-23,3,4,4.4
7301,Студент 7301,ББМО-01-23,4,5,5.4
7302,Студент 7302,ББМО-01-23,3,4,3.8
7305,Студент 7305,ББМО-01-23,4,5,4.8
7306,Студент 7306,ББМО-01-23,3,4,4.1
7309,Студент 7309,ББМО-01-23,4,5,5.1
7310,Студент 7310,ББМО-01-23,3,4,4.4
7313,Студент 7313,ББМО-01-23,4,5,5.4
7314,Студент 7314,ББМО-01-23,3,4,3.8
7317,Студент 7317,ББМО-01-23,4,5,4.8
7318,Студент 7318,ББМО-01-23,3,4,4.1
7321,Студент 7321,ББМО-01-23,4,5,5.1
7322,Студент 7322,ББМО-01-23,3,4,4.4
7325,Студент 7325,ББМО-01-23,4,5,5.4
7326,Студент 7326,ББМО-01-23,3,4,3.8
7329,Студент 7329,ББМО-01-23,4,5,4.8
7330,Студент 7330,ББМО-01-23,3,4,4.1
7333,Студент 7333,ББМО-01-23,4,5,5.1
7334,Студент 7334,ББМО-01-23,3,4,4.4
7337,Студент 7337,ББМО-01-23,4,5,5.4
7338,Студент 7338,ББМО-01-23,3,4,3.8
7341,Студент 7341,ББМО-01-23,4,5,4.8
7342,Студент 7342,ББМО-01-23,3,4,4.1
7345,Студент 7345,ББМО-01-23,4,5,5.1
7346,Студент 7346,ББМО-01-23,3,4,4.4
7349,Студент 7349,ББМО-01-23,4,5,5.4
7350,Студент 7350,ББМО-01-23,3,4,3.8
7353,Студент 7353,ББМО-01-23,4,5,4.8
7354,Студент 7354,ББМО-01-23,3,4,4.1
7357,Студент 7357,ББМО-01-23,4,5,5.1
7358,Студент 7358,ББМО-01-23,3,4,4.4
7361,Студент 7361,ББМО-01-23,4,5,5.4
7362,Студент 7362,ББМО-01-23,3,4,3.8
7365,Студент 7365,ББМО-01-23,4,5,4.8
7366,Студент 7366,ББМО-01-23,3,4,4.1
7369,Студент 7369,ББМО-01-23,4,5,5.1
7370,Студент 7370,ББМО-01-23,3,4,4.4
7373,Студент 7373,ББМО-01-23,4,5,5.4
7374,Студент 7374,ББМО-01-23,3,4,3.8
7377,Студент 7377,ББМО-01-23,4,5,4.8
7378,Студент 7378,ББМО-01-23,3,4,4.1
7381,Студент 7381,ББМО-01-23,4,5,5.1
7382,Студент 7382,ББМО-01-23,3,4,4.4
7385,Студент 7385,ББМО-01-23,4,5,5.4
7386,Студент 7386,ББМО-01-23,3,4,3.8
7389,Студент 7389,ББМО-01-23,4,5,4.8
7390,Студент 7390,ББМО-01-23,3,4,4.1
7393,Студент 7393,ББМО-01-23,4,5,5.1
7394,Студент 7394,ББМО-01-23,3,4,4.4
7397,Студент 7397,ББМО-01-23,4,5,5.4
7398,Студент 7398,ББМО-01-23,3,4,3.8
7401,Студент 7401,ББМО-01-23,4,5,4.8
7402,Студент 7402,ББМО-01-23,3,4,4.1
7405,Студент 7405,ББМО-01-23,4,5,5.1
7406,Студент 7406,ББМО-01-23,3,4,4.4
7409,Студент 7409,ББМО-01-23,4,5,5.4
7410,Студент 7410,ББМО-01-23,3,4,3.8
7413,Студент 7413,ББМО-01-23,4,5,4.8
7414,Студент 7414,ББМО-01-23,3,4,4.1
7417,Студент 7417,ББМО-01-23,4,5,5.1
7418,Студент 7418,ББМО-01-23,3,4,4.4
7421,Студент 7421,ББМО-01-23,4,5,5.4
7422,Студент 7422,ББМО-01-23,3,4,3.8
7425,Студент 7425,ББМО-01-23,4,5,4.8
7426,Студент 7426,ББМО-01-23,3,4,4.1
7429,Студент 7429,ББМО-01-23,4,5,5.1
7430,Студент 7430,ББМО-01-23,3,4,4.4
7433,Студент 7433,ББМО-01-23,4,5,5.4
7434,Студент 7434,ББМО-01-23,3,4,3.8
7437,Студент 7437,ББМО-01-23,4,5,4.8
7438,Студент 7438,ББМО-01-23,3,4,4.1
7441,Студент 7441,ББМО-01-23,4,5,5.1
7442,Студент 7442,ББМО-01-23,3,4,4.4
7445,Студент 7445,ББМО-01-23,4,5,5.4
7446,Студент 7446,ББМО-01-23,3,4,3.8
7449,Студент 7449,ББМО-01-23,4,5,4.8
7450,Студент 7450,ББМО-01-23,3,4,4.1
7453,Студент 7453,ББМО-01-23,4,5,5.1
7454,Студент 7454,ББМО-01-23,3,4,4.4
7457,Студент 7457,ББМО-01-23,4,5,5.4
7458,Студент 7458,ББМО-01-23,3,4,3.8
7461,Студент 7461,ББМО-01-23,4,5,4.8
7462,Студент 7462,ББМО-01-23,3,4,4.1
7465,Студент 7465,ББМО-01-23,4,5,5.1
7466,Студент 7466,ББМО-01-23,3,4,4.4
7469,Студент 7469,ББМО-01-23,4,5,5.4
7470,Студент 7470,ББМО-01-23,3,4,3.8
7473,Студент 7473,ББМО-01-23,4,5,4.8
7474,Студент 7474,ББМО-01-23,3,4,4.1
7477,Студент 7477,ББМО-01-23,4,5,5.1
7478,Студент 7478,ББМО-01-23,3,4,4.4
7481,Студент 7481,ББМО-01-23,4,5,5.4
7482,Студент 7482,ББМО-01-23,3,4,3.8
7485,Студент 7485,ББМО-01-23,4,5,4.8
7486,Студент 7486,ББМО-01-23,3,4,4.1
7489,Студент 7489,ББМО-01-23,4,5,5.1
7490,Студент 7490,ББМО-01-23,3,4,4.4
7493,Студент 7493,ББМО-01-23,4,5,5.4
7494,Студент 7494,ББМО-01-23,3,4,3.8
7497,Студент 7497,ББМО-01-23,4,5,4.8
7498,Студент 7498,ББМО-01-23,3,4,4.1
7501,Студент 7501,ББМО-01-23,4,5,5.1
7502,Студент 7502,ББМО-01-23,3,4,4.4
7505,Студент 7505,ББМО-01-23,4,5,5.4
7506,Студент 7506,ББМО-01-23,3,4,3.8
7509,Студент 7509,ББМО-01-23,4,5,4.8
7510,Студент 7510,ББМО-01-23,3,4,4.1
7513,Студент 7513,ББМО-01-23,4,5,5.1
7514,Студент 7514,ББМО-01-23,3,4,4.4
7517,Студент 7517,ББМО-01-23,4,5,5.4
7518,Студент 7518,ББМО-01-23,3,4,3.8
7521,Студент 7521,ББМО-01-23,4,5,4.8
7522,Студент 7522,ББМО-01-23,3,4,4.1
7525,Студент 7525,ББМО-01-23,4,5,5.1
7526,Студент 7526,ББМО-01-23,3,4,4.4
7529,Студент 7529,ББМО-01-23,4,5,5.4
7530,Студент 7530,ББМО-01-23,3,4,3.8
7533,Студент 7533,ББМО-01-23,4,5,4.8
7534,Студент 7534,ББМО-01-23,3,4,4.1
7537,Студент 7537,ББМО-01-23,4,5,5.1
7538,Студент 7538,ББМО-01-23,3,4,4.4
7541,Студент 7541,ББМО-01-23,4,5,5.4
7542,Студент 7542,ББМО-01-23,3,4,3.8
7545,Студент 7545,ББМО-01-23,4,5,4.8
7546,Студент 7546,ББМО-01-23,3,4,4.1
7549,Студент 7549,ББМО-01-23,4,5,5.1
7550,Студент 7550,ББМО-01-23,3,4,4.4
7553,Студент 7553,ББМО-01-23,4,5,5.4
7554,Студент 7554,ББМО-01-23,3,4,3.8
7557,Студент 7557,ББМО-01-23,4,5,4.8
7558,Студент 7558,ББМО-01-23,3,4,4.1
7561,Студент 7561,ББМО-01-23,4,5,5.1
7562,Студент 7562,ББМО-01-23,3,4,4.4
7565,Студент 7565,ББМО-01-23,4,5,5.4
7566,Студент 7566,ББМО-01-23,3,4,3.8
7569,Студент 7569,ББМО-01-23,4,5,4.8
7570,Студент 7570,ББМО-01-23,3,4,4.1
7573,Студент 7573,ББМО-01-23,4,5,5.1
7574,Студент 7574,ББМО-01-23,3,4,4.4
7577,Студент 7577,ББМО-01-23,4,5,5.4
7578,Студент 7578,ББМО-01-23,3,4,3.8
7581,Студент 7581,ББМО-01-23,4,5,4.8
7582,Студент 7582,ББМО-01-23,3,4,4.1
7585,Студент 7585,ББМО-01-23,4,5,5.1
7586,Студент 7586,ББМО-01-23,3,4,4.4
7589,Студент 7589,ББМО-01-23,4,5,5.4
7590,Студент 7590,ББМО-01-23,3,4,3.8
7593,Студент 7593,ББМО-01-23,4,5,4.8
7594,Студент 7594,ББМО-01-23,3,4,4.1
7597,Студент 7597,ББМО-01-23,4,5,5.1
7598,Студент 7598,ББМО-01-23,3,4,4.4
7601,Студент 7601,ББМО-01-23,4,5,5.4
7602,Студент 7602,ББМО-01-23,3,4,3.8
7605,Студент 7605,ББМО-01-23,4,5,4.8
7606,Студент 7606,ББМО-01-23,3,4,4.1
7609,Студент 7609,ББМО-01-23,4,5,5.1
7610,Студент 7610,ББМО-01-23,3,4,4.4
7613,Студент 7613,ББМО-01-23,4,5,5.4
7614,Студент 7614,ББМО-01-23,3,4,3.8
7617,Студент 7617,ББМО-01-23,4,5,4.8
7618,Студент 7618,ББМО-01-23,3,4,4.1
7621,Студент 7621,ББМО-01-23,4,5,5.1
7622,Студент 7622,ББМО-01-23,3,4,4.4
7625,Студент 7625,ББМО-01-23,4,5,5.4
7626,Студент 7626,ББМО-01-23,3,4,3.8
7629,Студент 7629,ББМО-01-23,4,5,4.8
7630,Студент 7630,ББМО-01-23,3,4,4.1
7633,Студент 7633,ББМО-01-23,4,5,5.1
7634,Студент 7634,ББМО-01-23,3,4,4.4
7637,Студент 7637,ББМО-01-23,4,5,5.4
7638,Студент 7638,ББМО-01-23,3,4,3.8
7641,Студент 7641,ББМО-01-23,4,5,4.8
7642,Студент 7642,ББМО-01-23,3,4,4.1
7645,Студент 7645,ББМО-01-23,4,5,5.1
7646,Студент 7646,ББМО-01-23,3,4,4.4
7649,Студент 7649,ББМО-01-23,4,5,5.4
7650,Студент 7650,ББМО-01-23,3,4,3.8
7653,Студент 7653,ББМО-01-23,4,5,4.8
7654,Студент 7654,ББМО-01-23,3,4,4.1
7657,Студент 7657,ББМО-01-23,4,5,5.1
7658,Студент 7658,ББМО-01-23,3,4,4.4
7661,Студент 7661,ББМО-01-23,4,5,5.4
7662,Студент 7662,ББМО-01-23,3,4,3.8
7665,Студент 7665,ББМО-01-23,4,5,4.8
7666,Студент 7666,ББМО-01-23,3,4,4.1
7669,Студент 7669,ББМО-01-23,4,5,5.1
7670,Студент 7670,ББМО-01-23,3,4,4.4
7673,Студент 7673,ББМО-01-23,4,5,5.4
7674,Студент 7674,ББМО-01-23,3,4,3.8
7677,Студент 7677,ББМО-01-23,4,5,4.8
7678,Студент 7678,ББМО-01-23,3,4,4.1
7681,Студент 7681,ББМО-01-23,4,5,5.1
7682,Студент 7682,ББМО-01-23,3,4,4.4
7685,Студент 7685,ББМО-01-23,4,5,5.4
7686,Студент 7686,ББМО-01-23,3,4,3.8
7689,Студент 7689,ББМО-01-23,4,5,4.8
7690,Студент 7690,ББМО-01-23,3,4,4.1
7693,Студент 7693,ББМО-01-23,4,5,5.1
7694,Студент 7694,ББМО-01-23,3,4,4.4
7697,Студент 7697,ББМО-01-23,4,5,5.4
7698,Студент 7698,ББМО-01-23,3,4,3.8
7701,Студент 7701,ББМО-01-23,4,5,4.8
7702,Студент 7702,ББМО-01-23,3,4,4.1
7705,Студент 7705,ББМО-01-23,4,5,5.1
7706,Студент 7706,ББМО-01-23,3,4,4.4
7709,Студент 7709,ББМО-01-23,4,5,5.4
7710,Студент 7710,ББМО-01-23,3,4,3.8
7713,Студент 7713,ББМО-01-23,4,5,4.8
7714,Студент 7714,ББМО-01-23,3,4,4.1
7717,Студент 7717,ББМО-01-23,4,5,5.1
7718,Студент 7718,ББМО-01-23,3,4,4.4
7721,Студент 7721,ББМО-01-23,4,5,5.4
7722,Студент 7722,ББМО-01-23,3,4,3.8
7725,Студент 7725,ББМО-01-23,4,5,4.8
7726,Студент 7726,ББМО-01-23,3,4,4.1
7729,Студент 7729,ББМО-01-23,4,5,5.1
7730,Студент 7730,ББМО-01-23,3,4,4.4
7733,Студент 7733,ББМО-01-23,4,5,5.4
7734,Студент 7734,ББМО-01-23,3,4,3.8
7737,Студент 7737,ББМО-01-23,4,5,4.8
7738,Студент 7738,ББМО-01-23,3,4,4.1
7741,Студент 7741,ББМО-01-23,4,5,5.1
7742,Студент 7742,ББМО-01-23,3,4,4.4
7745,Студент 7745,ББМО-01-23,4,5,5.4
7746,Студент 7746,ББМО-01-23,3,4,3.8
7749,Студент 7749,ББМО-01-23,4,5,4.8
7750,Студент 7750,ББМО-01-23,3,4,4.1
7753,Студент 7753,ББМО-01-23,4,5,5.1
7754,Студент 7754,ББМО-01-23,3,4,4.4
7757,Студент 7757,ББМО-01-23,4,5,5.4
7758,Студент 7758,ББМО-01-23,3,4,3.8
7761,Студент 7761,ББМО-01-23,4,5,4.8
7762,Студент 7762,ББМО-01-23,3,4,4.1
7765,Студент 7765,ББМО-01-23,4,5,5.1
7766,Студент 7766,ББМО-01-23,3,4,4.4
7769,Студент 7769,ББМО-01-23,4,5,5.4
7773,Студент 7773,ББМО-01-23,4,5,4.8
7774,Студент 7774,ББМО-01-23,3,4,4.1
7777,Студент 7777,ББМО-01-23,4,5,5.1
7778,Студент 7778,ББМО-01-23,3,4,4.4
7781,Студент 7781,ББМО-01-23,4,5,5.4
7782,Студент 7782,ББМО-01-23,3,4,3.8
7785,Студент 7785,ББМО-01-23,4,5,4.8
7786,Студент 7786,ББМО-01-23,3,4,4.1
7789,Студент 7789,ББМО-01-23,4,5,5.1
7790,Студент 7790,ББМО-01-23,3,4,4.4
7793,Студент 7793,ББМО-01-23,4,5,5.4
7794,Студент 7794,ББМО-01-23,3,4,3.8
7797,Студент 7797,ББМО-01-23,4,5,4.8
7798,Студент 7798,ББМО-01-23,3,4,4.1
7801,Студент 7801,ББМО-01-23,4,5,5.1
7802,Студент 7802,ББМО-01-23,3,4,4.4
7805,Студент 7805,ББМО-01-23,4,5,5.4
7806,Студент 7806,ББМО-01-23,3,4,3.8
7809,Студент 7809,ББМО-01-23,4,5,4.8
7810,Студент 7810,ББМО-01-23,3,4,4.1
7813,Студент 7813,ББМО-01-23,4,5,5.1
7814,Студент 7814,ББМО-01-23,3,4,4.4
7817,Студент 7817,ББМО-01-23,4,5,5.4
7818,Студент 7818,ББМО-01-23,3,4,3.8
7821,Студент 7821,ББМО-01-23,4,5,4.8
7822,Студент 7822,ББМО-01-23,3,4,4.1
7825,Студент 7825,ББМО-01-23,4,5,5.1
7826,Студент 7826,ББМО-01-23,3,4,4.4
7829,Студент 7829,ББМО-01-23,4,5,5.4
7830,Студент 7830,ББМО-01-23,3,4,3.8
7833,Студент 7833,ББМО-01-23,4,5,4.8
7834,Студент 7834,ББМО-01-23,3,4,4.1
7837,Студент 7837,ББМО-01-23,4,5,5.1
7838,Студент 7838,ББМО-01-23,3,4,4.4
7841,Студент 7841,ББМО-01-23,4,5,5.4
7842,Студент 7842,ББМО-01-23,3,4,3.8
7845,Студент 7845,ББМО-01-23,4,5,4.8
7846,Студент 7846,ББМО-01-23,3,4,4.1
7849,Студент 7849,ББМО-01-23,4,5,5.1
7850,Студент 7850,ББМО-01-23,3,4,4.4
7853,Студент 7853,ББМО-01-23,4,5,5.4
7854,Студент 7854,ББМО-01-23,3,4,3.8
7857,Студент 7857,ББМО-01-23,4,5,4.8
7858,Студент 7858,ББМО-01-23,3,4,4.1
7861,Студент 7861,ББМО-01-23,4,5,5.1
7862,Студент 7862,ББМО-01-23,3,4,4.4
7865,Студент 7865,ББМО-01-23,4,5,5.4
7866,Студент 7866,ББМО-01-23,3,4,3.8
7869,Студент 7869,ББМО-01-23,4,5,4.8
7870,Студент 7870,ББМО-01-23,3,4,4.1
7873,Студент 7873,ББМО-01-23,4,5,5.1
7874,Студент 7874,ББМО-01-23,3,4,4.4
7877,Студент 7877,ББМО-01-23,4,5,5.4
7878,Студент 7878,ББМО-01-23,3,4,3.8
7881,Студент 7881,ББМО-01-23,4,5,4.8
7882,Студент 7882,ББМО-01-23,3,4,4.1
7885,Студент 7885,ББМО-01-23,4,5,5.1
7886,Студент 7886,ББМО-01-23,3,4,4.4
7889,Студент 7889,ББМО-01-23,4,5,5.4
7890,Студент 7890,ББМО-01-23,3,4,3.8
7893,Студент 7893,ББМО-01-23,4,5,4.8
7894,Студент 7894,ББМО-01-23,3,4,4.1
7897,Студент 7897,ББМО-01-23,4,5,5.1
7898,Студент 7898,ББМО-01-23,3,4,4.4
7901,Студент 7901,ББМО-01-23,4,5,5.4
7902,Студент 7902,ББМО-01-23,3,4,3.8
7905,Студент 7905,ББМО-01-23,4,5,4.8
7906,Студент 7906,ББМО-01-23,3,4,4.1
7909,Студент 7909,ББМО-01-23,4,5,5.1
7910,Студент 7910,ББМО-01-23,3,4,4.4
7913,Студент 7913,ББМО-01-23,4,5,5.4
7914,Студент 7914,ББМО-01-23,3,4,3.8
7917,Студент 7917,ББМО-01-23,4,5,4.8
7918,Студент 7918,ББМО-01-23,3,4,4.1
7921,Студент 7921,ББМО-01-23,4,5,5.1
7922,Студент 7922,ББМО-01-23,3,4,4.4
7925,Студент 7925,ББМО-01-23,4,5,5.4
7926,Студент 7926,ББМО-01-23,3,4,3.8
7929,Студент 7929,ББМО-01-23,4,5,4.8
7930,Студент 7930,ББМО-01-23,3,4,4.1
7933,Студент 7933,ББМО-01-23,4,5,5.1
7934,Студент 7934,ББМО-01-23,3,4,4.4
7937,Студент 7937,ББМО-01-23,4,5,5.4
7938,Студент 7938,ББМО-01-23,3,4,3.8
7941,Студент 7941,ББМО-01-23,4,5,4.8
7942,Студент 7942,ББМО-01-23,3,4,4.1
7945,Студент 7945,ББМО-01-23,4,5,5.1
7946,Студент 7946,ББМО-01-23,3,4,4.4
7949,Студент 7949,ББМО-01-23,4,5,5.4
7950,Студент 7950,ББМО-01-23,3,4,3.8
7953,Студент 7953,ББМО-01-23,4,5,4.8
7954,Студент 7954,ББМО-01-23,3,4,4.1
7957,Студент 7957,ББМО-01-23,4,5,5.1
7958,Студент 7958,ББМО-01-23,3,4,4.4
7961,Студент 7961,ББМО-01-23,4,5,5.4
7962,Студент 7962,ББМО-01-23,3,4,3.8
7965,Студент 7965,ББМО-01-23,4,5,4.8
7966,Студент 7966,ББМО-01-23,3,4,4.1
7969,Студент 7969,ББМО-01-23,4,5,5.1
7970,Студент 7970,ББМО-01-23,3,4,4.4
7973,Студент 7973,ББМО-01-23,4,5,5.4
7974,Студент 7974,ББМО-01-23,3,4,3.8
7977,Студент 7977,ББМО-01-23,4,5,4.8
7978,Студент 7978,ББМО-01-23,3,4,4.1
7981,Студент 7981,ББМО-01-23,4,5,5.1
7982,Студент 7982,ББМО-01-23,3,4,4.4
7985,Студент 7985,ББМО-01-23,4,5,5.4
7986,Студент 7986,ББМО-01-23,3,4,3.8
7989,Студент 7989,ББМО-01-23,4,5,4.8
7990,Студент 7990,ББМО-01-23,3,4,4.1
7993,Студент 7993,ББМО-01-23,4,5,5.1
7994,Студент 7994,ББМО-01-23,3,4,4.4
7997,Студент 7997,ББМО-01-23,4,5,5.4
7998,Студент 7998,ББМО-01-23,3,4,3.8
8001,Студент 8001,ББМО-01-23,4,5,4.8
8002,Студент 8002,ББМО-01-23,3,4,4.1
8005,Студент 8005,ББМО-01-23,4,5,5.1
8006,Студент 8006,ББМО-01-23,3,4,4.4
8009,Студент 8009,ББМО-01-23,4,5,5.4
8010,Студент 8010,ББМО-01-23,3,4,3.8
8013,Студент 8013,ББМО-01-23,4,5,4.8
8014,Студент 8014,ББМО-01-23,3,4,4.1
8017,Студент 8017,ББМО-01-23,4,5,5.1
8018,Студент 8018,ББМО-01-23,3,4,4.4
8021,Студент 8021,ББМО-01-23,4,5,5.4
8022,Студент 8022,ББМО-01-23,3,4,3.8
8025,Студент 8025,ББМО-01-23,4,5,4.8
8026,Студент 8026,ББМО-01-23,3,4,4.1
8029,Студент 8029,ББМО-01-23,4,5,5.1
8030,Студент 8030,ББМО-01-23,3,4,4.4
8033,Студент 8033,ББМО-01-23,4,5,5.4
8034,Студент 8034,ББМО-01-23,3,4,3.8
8037,Студент 8037,ББМО-01-23,4,5,4.8
8038,Студент 8038,ББМО-01-23,3,4,4.1
8041,Студент 8041,ББМО-01-23,4,5,5.1
8042,Студент 8042,ББМО-01-23,3,4,4.4
8045,Студент 8045,ББМО-01-23,4,5,5.4
8046,Студент 8046,ББМО-01-23,3,4,3.8
8049,Студент 8049,ББМО-01-23,4,5,4.8
8050,Студент 8050,ББМО-01-23,3,4,4.1
8053,Студент 8053,ББМО-01-23,4,5,5.1
8054,Студент 8054,ББМО-01-23,3,4,4.4
8057,Студент 8057,ББМО-01-23,4,5,5.4
8058,Студент 8058,ББМО-01-23,3,4,3.8
8061,Студент 8061,ББМО-01-23,4,5,4.8
8062,Студент 8062,ББМО-01-23,3,4,4.1
8065,Студент 8065,ББМО-01-23,4,5,5.1
8066,Студент 8066,ББМО-01-23,3,4,4.4
8069,Студент 8069,ББМО-01-23,4,5,5.4
8070,Студент 8070,ББМО-01-23,3,4,3.8
8073,Студент 8073,ББМО-01-23,4,5,4.8
8074,Студент 8074,ББМО-01-23,3,4,4.1
8077,Студент 8077,ББМО-01-23,4,5,5.1
8078,Студент 8078,ББМО-01-23,3,4,4.4
8081,Студент 8081,ББМО-01-23,4,5,5.4
8082,Студент 8082,ББМО-01-23,3,4,3.8
8085,Студент 8085,ББМО-01-23,4,5,4.8
8086,Студент 8086,ББМО-01-23,3,4,4.1
8089,Студент 8089,ББМО-01-23,4,5,5.1
8090,Студент 8090,ББМО-01-23,3,4,4.4
8093,Студент 8093,ББМО-01-23,4,5,5.4
8094,Студент 8094,ББМО-01-23,3,4,3.8
8097,Студент 8097,ББМО-01-23,4,5,4.8
8098,Студент 8098,ББМО-01-23,3,4,4.1
8101,Студент 8101,ББМО-01-23,4,5,5.1
8102,Студент 8102,ББМО-01-23,3,4,4.4
8105,Студент 8105,ББМО-01-23,4,5,5.4
8106,Студент 8106,ББМО-01-23,3,4,3.8
8109,Студент 8109,ББМО-01-23,4,5,4.8
8110,Студент 8110,ББМО-01-23,3,4,4.1
8113,Студент 8113,ББМО-01-23,4,5,5.1
8114,Студент 8114,ББМО-01-23,3,4,4.4
8117,Студент 8117,ББМО-01-23,4,5,5.4
8118,Студент 8118,ББМО-01-23,3,4,3.8
8121,Студент 8121,ББМО-01-23,4,5,4.8
8122,Студент 8122,ББМО-01-23,3,4,4.1
8125,Студент 8125,ББМО-01-23,4,5,5.1
8126,Студент 8126,ББМО-01-23,3,4,4.4
8129,Студент 8129,ББМО-01-23,4,5,5.4
8130,Студент 8130,ББМО-01-23,3,4,3.8
8133,Студент 8133,ББМО-01-23,4,5,4.8
8134,Студент 8134,ББМО-01-23,3,4,4.1
8137,Студент 8137,ББМО-01-23,4,5,5.1
8138,Студент 8138,ББМО-01-23,3,4,4.4
8141,Студент 8141,ББМО-01-23,4,5,5.4
8142,Студент 8142,ББМО-01-23,3,4,3.8
8145,Студент 8145,ББМО-01-23,4,5,4.8
8146,Студент 8146,ББМО-01-23,3,4,4.1
8149,Студент 8149,ББМО-01-23,4,5,5.1
8150,Студент 8150,ББМО-01-23,3,4,4.4
8153,Студент 8153,ББМО-01-23,4,5,5.4
8154,Студент 8154,ББМО-01-23,3,4,3.8
8157,Студент 8157,ББМО-01-23,4,5,4.8
8158,Студент 8158,ББМО-01-23,3,4,4.1
8161,Студент 8161,ББМО-01-23,4,5,5.1
8162,Студент 8162,ББМО-01-23,3,4,4.4
8165,Студент 8165,ББМО-01-23,4,5,5.4
8166,Студент 8166,ББМО-01-23,3,4,3.8
8169,Студент 8169,ББМО-01-23,4,5,4.8
8170,Студент 8170,ББМО-01-23,3,4,4.1
8173,Студент 8173,ББМО-01-23,4,5,5.1
8174,Студент 8174,ББМО-01-23,3,4,4.4
8177,Студент 8177,ББМО-01-23,4,5,5.4
8178,Студент 8178,ББМО-01-23,3,4,3.8
8181,Студент 8181,ББМО-01-23,4,5,4.8
8182,Студент 8182,ББМО-01-23,3,4,4.1
8185,Студент 8185,ББМО-01-23,4,5,5.1
8186,Студент 8186,ББМО-01-23,3,4,4.4
8189,Студент 8189,ББМО-01-23,4,5,5.4
8190,Студент 8190,ББМО-01-23,3,4,3.8
8193,Студент 8193,ББМО-01-23,4,5,4.8
8194,Студент 8194,ББМО-01-23,3,4,4.1
8197,Студент 8197,ББМО-01-23,4,5,5.1
8198,Студент 8198,ББМО-01-23,3,4,4.4
8201,Студент 8201,ББМО-01-23,4,5,5.4
8202,Студент 8202,ББМО-01-23,3,4,3.8
8205,Студент 8205,ББМО-01-23,4,5,4.8
8206,Студент 8206,ББМО-01-23,3,4,4.1
8209,Студент 8209,ББМО-01-23,4,5,5.1
8210,Студент 8210,ББМО-01-23,3,4,4.4
8213,Студент 8213,ББМО-01-23,4,5,5.4
8214,Студент 8214,ББМО-01-23,3,4,3.8
8217,Студент 8217,ББМО-01-23,4,5,4.8
8218,Студент 8218,ББМО-01-23,3,4,4.1
8221,Студент 8221,ББМО-01-23,4,5,5.1
8222,Студент 8222,ББМО-01-23,3,4,4.4
8225,Студент 8225,ББМО-01-23,4,5,5.4
8226,Студент 8226,ББМО-01-23,3,4,3.8
8229,Студент 8229,ББМО-01-23,4,5,4.8
8230,Студент 8230,ББМО-01-23,3,4,4.1
8233,Студент 8233,ББМО-01-23,4,5,5.1
8234,Студент 8234,ББМО-01-23,3,4,4.4
8237,Студент 8237,ББМО-01-23,4,5,5.4
8238,Студент 8238,ББМО-01-23,3,4,3.8
8241,Студент 8241,ББМО-01-23,4,5,4.8
8242,Студент 8242,ББМО-01-23,3,4,4.1
8245,Студент 8245,ББМО-01-23,4,5,5.1
8246,Студент 8246,ББМО-01-23,3,4,4.4
8249,Студент 8249,ББМО-01-23,4,5,5.4
8250,Студент 8250,ББМО-01-23,3,4,3.8
8253,Студент 8253,ББМО-01-23,4,5,4.8
8254,Студент 8254,ББМО-01-23,3,4,4.1
8257,Студент 8257,ББМО-01-23,4,5,5.1
8258,Студент 8258,ББМО-01-23,3,4,4.4
8261,Студент 8261,ББМО-01-23,4,5,5.4
8262,Студент 8262,ББМО-01-23,3,4,3.8
8265,Студент 8265,ББМО-01-23,4,5,4.8
8266,Студент 8266,ББМО-01-23,3,4,4.1
8269,Студент 8269,ББМО-01-23,4,5,5.1
8270,Студент 8270,ББМО-01-23,3,4,4.4
8273,Студент 8273,ББМО-01-23,4,5,5.4
8274,Студент 8274,ББМО-01-23,3,4,3.8
8277,Студент 8277,ББМО-01-23,4,5,4.8
8278,Студент 8278,ББМО-01-23,3,4,4.1
8281,Студент 8281,ББМО-01-23,4,5,5.1
8282,Студент 8282,ББМО-01-23,3,4,4.4
8285,Студент 8285,ББМО-01-23,4,5,5.4
8286,Студент 8286,ББМО-01-23,3,4,3.8
8289,Студент 8289,ББМО-01-23,4,5,4.8
8290,Студент 8290,ББМО-01-23,3,4,4.1
8293,Студент 8293,ББМО-01-23,4,5,5.1
8294,Студент 8294,ББМО-01-23,3,4,4.4
8297,Студент 8297,ББМО-01-23,4,5,5.4
8298,Студент 8298,ББМО-01-23,3,4,3.8
8301,Студент 8301,ББМО-01-23,4,5,4.8
8302,Студент 8302,ББМО-01-23,3,4,4.1
8305,Студент 8305,ББМО-01-23,4,5,5.1
8306,Студент 8306,ББМО-01-23,3,4,4.4
8309,Студент 8309,ББМО-01-23,4,5,5.4
8310,Студент 8310,ББМО-01-23,3,4,3.8
8313,Студент 8313,ББМО-01-23,4,5,4.8
8314,Студент 8314,ББМО-01-23,3,4,4.1
8317,Студент 8317,ББМО-01-23,4,5,5.1
8318,Студент 8318,ББМО-01-23,3,4,4.4
8321,Студент 8321,ББМО-01-23,4,5,5.4
8322,Студент 8322,ББМО-01-23,3,4,3.8
8325,Студент 8325,ББМО-01-23,4,5,4.8
8326,Студент 8326,ББМО-01-23,3,4,4.1
8329,Студент 8329,ББМО-01-23,4,5,5.1
8330,Студент 8330,ББМО-01-23,3,4,4.4
8333,Студент 8333,ББМО-01-23,4,5,5.4
8334,Студент 8334,ББМО-01-23,3,4,3.8
8337,Студент 8337,ББМО-01-23,4,5,4.8
8338,Студент 8338,ББМО-01-23,3,4,4.1
8341,Студент 8341,ББМО-01-23,4,5,5.1
8342,Студент 8342,ББМО-01-23,3,4,4.4
8345,Студент 8345,ББМО-01-23,4,5,5.4
8346,Студент 8346,ББМО-01-23,3,4,3.8
8349,Студент 8349,ББМО-01-23,4,5,4.8
8350,Студент 8350,ББМО-01-23,3,4,4.1
8353,Студент 8353,ББМО-01-23,4,5,5.1
8354,Студент 8354,ББМО-01-23,3,4,4.4
8357,Студент 8357,ББМО-01-23,4,5,5.4
8358,Студент 8358,ББМО-01-23,3,4,3.8
8361,Студент 8361,ББМО-01-23,4,5,4.8
8362,Студент 8362,ББМО-01-23,3,4,4.1
8365,Студент 8365,ББМО-01-23,4,5,5.1
8366,Студент 8366,ББМО-01-23,3,4,4.4
8369,Студент 8369,ББМО-01-23,4,5,5.4
8370,Студент 8370,ББМО-01-23,3,4,3.8
8373,Студент 8373,ББМО-01-23,4,5,4.8
8374,Студент 8374,ББМО-01-23,3,4,4.1
8377,Студент 8377,ББМО-01-23,4,5,5.1
8378,Студент 8378,ББМО-01-23,3,4,4.4
8381,Студент 8381,ББМО-01-23,4,5,5.4
8382,Студент 8382,ББМО-01-23,3,4,3.8
8385,Студент 8385,ББМО-01-23,4,5,4.8
8386,Студент 8386,ББМО-01-23,3,4,4.1
8389,Студент 8389,ББМО-01-23,4,5,5.1
8390,Студент 8390,ББМО-01-23,3,4,4.4
8393,Студент 8393,ББМО-01-23,4,5,5.4
8394,Студент 8394,ББМО-01-23,3,4,3.8
8397,Студент 8397,ББМО-01-23,4,5,4.8
8398,Студент 8398,ББМО-01-23,3,4,4.1
8401,Студент 8401,ББМО-01-23,4,5,5.1
8402,Студент 8402,ББМО-01-23,3,4,4.4
8405,Студент 8405,ББМО-01-23,4,5,5.4
8406,Студент 8406,ББМО-01-23,3,4,3.8
8409,Студент 8409,ББМО-01-23,4,5,4.8
8410,Студент 8410,ББМО-01-23,3,4,4.1
8413,Студент 8413,ББМО-01-23,4,5,5.1
8414,Студент 8414,ББМО-01-23,3,4,4.4
8417,Студент 8417,ББМО-01-23,4,5,5.4
8418,Студент 8418,ББМО-01-23,3,4,3.8
8421,Студент 8421,ББМО-01-23,4,5,4.8
8422,Студент 8422,ББМО-01-23,3,4,4.1
8425,Студент 8425,ББМО-01-23,4,5,5.1
8426,Студент 8426,ББМО-01-23,3,4,4.4
8429,Студент 8429,ББМО-01-23,4,5,5.4
8430,Студент 8430,ББМО-01-23,3,4,3.8
8433,Студент 8433,ББМО-01-23,4,5,4.8
8434,Студент 8434,ББМО-01-23,3,4,4.1
8437,Студент 8437,ББМО-01-23,4,5,5.1
8438,Студент 8438,ББМО-01-23,3,4,4.4
8441,Студент 8441,ББМО-01-23,4,5,5.4
8442,Студент 8442,ББМО-01-23,3,4,3.8
8445,Студент 8445,ББМО-01-23,4,5,4.8
8446,Студент 8446,ББМО-01-23,3,4,4.1
8449,Студент 8449,ББМО-01-23,4,5,5.1
8450,Студент 8450,ББМО-01-23,3,4,4.4
8453,Студент 8453,ББМО-01-23,4,5,5.4
8454,Студент 8454,ББМО-01-23,3,4,3.8
8457,Студент 8457,ББМО-01-23,4,5,4.8
8458,Студент 8458,ББМО-01-23,3,4,4.1
8461,Студент 8461,ББМО-01-23,4,5,5.1
8462,Студент 8462,ББМО-01-23,3,4,4.4
8465,Студент 8465,ББМО-01-23,4,5,5.4
8466,Студент 8466,ББМО-01-23,3,4,3.8
8469,Студент 8469,ББМО-01-23,4,5,4.8
8470,Студент 8470,ББМО-01-23,3,4,4.1
8473,Студент 8473,ББМО-01-23,4,5,5.1
8474,Студент 8474,ББМО-01-23,3,4,4.4
8477,Студент 8477,ББМО-01-23,4,5,5.4
8478,Студент 8478,ББМО-01-23,3,4,3.8
8481,Студент 8481,ББМО-01-23,4,5,4.8
8482,Студент 8482,ББМО-01-23,3,4,4.1
8485,Студент 8485,ББМО-01-23,4,5,5.1
8486,Студент 8486,ББМО-01-23,3,4,4.4
8489,Студент 8489,ББМО-01-23,4,5,5.4
8490,Студент 8490,ББМО-01-23,3,4,3.8
8493,Студент 8493,ББМО-01-23,4,5,4.8
8494,Студент 8494,ББМО-01-23,3,4,4.1
8497,Студент 8497,ББМО-01-23,4,5,5.1
8498,Студент 8498,ББМО-01-23,3,4,4.4
8501,Студент 8501,ББМО-01-23,4,5,5.4
8502,Студент 8502,ББМО-01-23,3,4,3.8
8505,Студент 8505,ББМО-01-23,4,5,4.8
8506,Студент 8506,ББМО-01-23,3,4,4.1
8509,Студент 8509,ББМО-01-23,4,5,5.1
8510,Студент 8510,ББМО-01-23,3,4,4.4
8513,Студент 8513,ББМО-01-23,4,5,5.4
8514,Студент 8514,ББМО-01-23,3,4,3.8
8517,Студент 8517,ББМО-01-23,4,5,4.8
8518,Студент 8518,ББМО-01-23,3,4,4.1
8521,Студент 8521,ББМО-01-23,4,5,5.1
8522,Студент 8522,ББМО-01-23,3,4,4.4
8525,Студент 8525,ББМО-01-23,4,5,5.4
8526,Студент 8526,ББМО-01-23,3,4,3.8
8529,Студент 8529,ББМО-01-23,4,5,4.8
8530,Студент 8530,ББМО-01-23,3,4,4.1
8533,Студент 8533,ББМО-01-23,4,5,5.1
8534,Студент 8534,ББМО-01-23,3,4,4.4
8537,Студент 8537,ББМО-01-23,4,5,5.4
8538,Студент 8538,ББМО-01-23,3,4,3.8
8541,Студент 8541,ББМО-01-23,4,5,4.8
8542,Студент 8542,ББМО-01-23,3,4,4.1
8545,Студент 8545,ББМО-01-23,4,5,5.1
8546,Студент 8546,ББМО-01-23,3,4,4.4
8549,Студент 8549,ББМО-01-23,4,5,5.4
8550,Студент 8550,ББМО-01-23,3,4,3.8
8553,Студент 8553,ББМО-01-23,4,5,4.8
8554,Студент 8554,ББМО-01-23,3,4,4.1
8557,Студент 8557,ББМО-01-23,4,5,5.1
8558,Студент 8558,ББМО-01-23,3,4,4.4
8561,Студент 8561,ББМО-01-23,4,5,5.4
8562,Студент 8562,ББМО-01-23,3,4,3.8
8565,Студент 8565,ББМО-01-23,4,5,4.8
8566,Студент 8566,ББМО-01-23,3,4,4.1
8569,Студент 8569,ББМО-01-23,4,5,5.1
8570,Студент 8570,ББМО-01-23,3,4,4.4
8573,Студент 8573,ББМО-01-23,4,5,5.4
8574,Студент 8574,ББМО-01-23,3,4,3.8
8577,Студент 8577,ББМО-01-23,4,5,4.8
8578,Студент 8578,ББМО-01-23,3,4,4.1
8581,Студент 8581,ББМО-01-23,4,5,5.1
8582,Студент 8582,ББМО-01-23,3,4,4.4
8585,Студент 8585,ББМО-01-23,4,5,5.4
8586,Студент 8586,ББМО-01-23,3,4,3.8
8589,Студент 8589,ББМО-01-23,4,5,4.8
8590,Студент 8590,ББМО-01-23,3,4,4.1
8593,Студент 8593,ББМО-01-23,4,5,5.1
8594,Студент 8594,ББМО-01-23,3,4,4.4
8597,Студент 8597,ББМО-01-23,4,5,5.4
8598,Студент 8598,ББМО-01-23,3,4,3.8
8601,Студент 8601,ББМО-01-23,4,5,4.8
8602,Студент 8602,ББМО-01-23,3,4,4.1
8605,Студент 8605,ББМО-01-23,4,5,5.1
8606,Студент 8606,ББМО-01-23,3,4,4.4
8609,Студент 8609,ББМО-01-23,4,5,5.4
8610,Студент 8610,ББМО-01-23,3,4,3.8
8613,Студент 8613,ББМО-01-23,4,5,4.8
8614,Студент 8614,ББМО-01-23,3,4,4.1
8617,Студент 8617,ББМО-01-23,4,5,5.1
8618,Студент 8618,ББМО-01-23,3,4,4.4
8621,Студент 8621,ББМО-01-23,4,5,5.4
8622,Студент 8622,ББМО-01-23,3,4,3.8
8625,Студент 8625,ББМО-01-23,4,5,4.8
8626,Студент 8626,ББМО-01-23,3,4,4.1
8629,Студент 8629,ББМО-01-23,4,5,5.1
8630,Студент 8630,ББМО-01-23,3,4,4.4
8633,Студент 8633,ББМО-01-23,4,5,5.4
8634,Студент 8634,ББМО-01-23,3,4,3.8
8637,Студент 8637,ББМО-01-23,4,5,4.8
8638,Студент 8638,ББМО-01-23,3,4,4.1
8641,Студент 8641,ББМО-01-23,4,5,5.1
8642,Студент 8642,ББМО-01-23,3,4,4.4
8645,Студент 8645,ББМО-01-23,4,5,5.4
8646,Студент 8646,ББМО-01-23,3,4,3.8
8649,Студент 8649,ББМО-01-23,4,5,4.8
8650,Студент 8650,ББМО-01-23,3,4,4.1
8653,Студент 8653,ББМО-01-23,4,5,5.1
8654,Студент 8654,ББМО-01-23,3,4,4.4
8657,Студент 8657,ББМО-01-23,4,5,5.4
8658,Студент 8658,ББМО-01-23,3,4,3.8
8661,Студент 8661,ББМО-01-23,4,5,4.8
8662,Студент 8662,ББМО-01-23,3,4,4.1
8665,Студент 8665,ББМО-01-23,4,5,5.1
8666,Студент 8666,ББМО-01-23,3,4,4.4
8669,Студент 8669,ББМО-01-23,4,5,5.4
8670,Студент 8670,ББМО-01-23,3,4,3.8
8673,Студент 8673,ББМО-01-23,4,5,4.8
8674,Студент 8674,ББМО-01-23,3,4,4.1
8677,Студент 8677,ББМО-01-23,4,5,5.1
8678,Студент 8678,ББМО-01-23,3,4,4.4
8681,Студент 8681,ББМО-01-23,4,5,5.4
8682,Студент 8682,ББМО-01-23,3,4,3.8
8685,Студент 8685,ББМО-01-23,4,5,4.8
8686,Студент 8686,ББМО-01-23,3,4,4.1
8689,Студент 8689,ББМО-01-23,4,5,5.1
8690,Студент 8690,ББМО-01-23,3,4,4.4
8693,Студент 8693,ББМО-01-23,4,5,5.4
8694,Студент 8694,ББМО-01-23,3,4,3.8
8697,Студент 8697,ББМО-01-23,4,5,4.8
8698,Студент 8698,ББМО-01-23,3,4,4.1
8701,Студент 8701,ББМО-01-23,4,5,5.1
8702,Студент 8702,ББМО-01-23,3,4,4.4
8705,Студент 8705,ББМО-01-23,4,5,5.4
8706,Студент 8706,ББМО-01-23,3,4,3.8
8709,Студент 8709,ББМО-01-23,4,5,4.8
8710,Студент 8710,ББМО-01-23,3,4,4.1
8713,Студент 8713,ББМО-01-23,4,5,5.1
8714,Студент 8714,ББМО-01-23,3,4,4.4
8717,Студент 8717,ББМО-01-23,4,5,5.4
8718,Студент 8718,ББМО-01-23,3,4,3.8
8721,Студент 8721,ББМО-01-23,4,5,4.8
8722,Студент 8722,ББМО-01-23,3,4,4.1
8725,Студент 8725,ББМО-01-23,4,5,5.1
8726,Студент 8726,ББМО-01-23,3,4,4.4
8729,Студент 8729,ББМО-01-23,4,5,5.4
8730,Студент 8730,ББМО-01-23,3,4,3.8
8733,Студент 8733,ББМО-01-23,4,5,4.8
8734,Студент 8734,ББМО-01-23,3,4,4.1
8737,Студент 8737,ББМО-01-23,4,5,5.1
8738,Студент 8738,ББМО-01-23,3,4,4.4
8741,Студент 8741,ББМО-01-23,4,5,5.4
8742,Студент 8742,ББМО-01-23,3,4,3.8
8745,Студент 8745,ББМО-01-23,4,5,4.8
8746,Студент 8746,ББМО-01-23,3,4,4.1
8749,Студент 8749,ББМО-01-23,4,5,5.1
8750,Студент 8750,ББМО-01-23,3,4,4.4
8753,Студент 8753,ББМО-01-23,4,5,5.4
8754,Студент 8754,ББМО-01-23,3,4,3.8
8757,Студент 8757,ББМО-01-23,4,5,4.8
8758,Студент 8758,ББМО-01-23,3,4,4.1
8761,Студент 8761,ББМО-01-23,4,5,5.1
8762,Студент 8762,ББМО-01-23,3,4,4.4
8765,Студент 8765,ББМО-01-23,4,5,5.4
8766,Студент 8766,ББМО-01-23,3,4,3.8
8769,Студент 8769,ББМО-01-23,4,5,4.8
8770,Студент 8770,ББМО-01-23,3,4,4.1
8773,Студент 8773,ББМО-01-23,4,5,5.1
8774,Студент 8774,ББМО-01-23,3,4,4.4
8777,Студент 8777,ББМО-01-23,4,5,5.4
8778,Студент 8778,ББМО-01-23,3,4,3.8
8781,Студент 8781,ББМО-01-23,4,5,4.8
8782,Студент 8782,ББМО-01-23,3,4,4.1
8785,Студент 8785,ББМО-01-23,4,5,5.1
8786,Студент 8786,ББМО-01-23,3,4,4.4
8789,Студент 8789,ББМО-01-23,4,5,5.4
8790,Студент 8790,ББМО-01-23,3,4,3.8
8793,Студент 8793,ББМО-01-23,4,5,4.8
8794,Студент 8794,ББМО-01-23,3,4,4.1
8797,Студент 8797,ББМО-01-23,4,5,5.1
8798,Студент 8798,ББМО-01-23,3,4,4.4
8801,Студент 8801,ББМО-01-23,4,5,5.4
8802,Студент 8802,ББМО-01-23,3,4,3.8
8805,Студент 8805,ББМО-01-23,4,5,4.8
8806,Студент 8806,ББМО-01-23,3,4,4.1
8809,Студент 8809,ББМО-01-23,4,5,5.1
8810,Студент 8810,ББМО-01-23,3,4,4.4
8813,Студент 8813,ББМО-01-23,4,5,5.4
8814,Студент 8814,ББМО-01-23,3,4,3.8
8817,Студент 8817,ББМО-01-23,4,5,4.8
8818,Студент 8818,ББМО-01-23,3,4,4.1
8821,Студент 8821,ББМО-01-23,4,5,5.1
8822,Студент 8822,ББМО-01-23,3,4,4.4
8825,Студент 8825,ББМО-01-23,4,5,5.4
8826,Студент 8826,ББМО-01-23,3,4,3.8
8829,Студент 8829,ББМО-01-23,4,5,4.8
8830,Студент 8830,ББМО-01-23,3,4,4.1
8833,Студент 8833,ББМО-01-23,4,5,5.1
8834,Студент 8834,ББМО-01-23,3,4,4.4
8837,Студент 8837,ББМО-01-23,4,5,5.4
8838,Студент 8838,ББМО-01-23,3,4,3.8
8841,Студент 8841,ББМО-01-23,4,5,4.8
8842,Студент 8842,ББМО-01-23,3,4,4.1
8845,Студент 8845,ББМО-01-23,4,5,5.1
8846,Студент 8846,ББМО-01-23,3,4,4.4
8849,Студент 8849,ББМО-01-23,4,5,5.4
8850,Студент 8850,ББМО-01-23,3,4,3.8
8853,Студент 8853,ББМО-01-23,4,5,4.8
8854,Студент 8854,ББМО-01-23,3,4,4.1
8857,Студент 8857,ББМО-01-23,4,5,5.1
8858,Студент 8858,ББМО-01-23,3,4,4.4
8861,Студент 8861,ББМО-01-23,4,5,5.4
8862,Студент 8862,ББМО-01-23,3,4,3.8
8865,Студент 8865,ББМО-01-23,4,5,4.8
8866,Студент 8866,ББМО-01-23,3,4,4.1
8869,Студент 8869,ББМО-01-23,4,5,5.1
8870,Студент 8870,ББМО-01-23,3,4,4.4
8873,Студент 8873,ББМО-01-23,4,5,5.4
8874,Студент 8874,ББМО-01-23,3,4,3.8
8877,Студент 8877,ББМО-01-23,4,5,4.8
8878,Студент 8878,ББМО-01-23,3,4,4.1
8881,Студент 8881,ББМО-01-23,4,5,5.1
8882,Студент 8882,ББМО-01-23,3,4,4.4
8885,Студент 8885,ББМО-01-23,4,5,5.4
8886,Студент 8886,ББМО-01-23,3,4,3.8
8889,Студент 8889,ББМО-01-23,4,5,4.8
8890,Студент 8890,ББМО-01-23,3,4,4.1
8893,Студент 8893,ББМО-01-23,4,5,5.1
8894,Студент 8894,ББМО-01-23,3,4,4.4
8897,Студент 8897,ББМО-01-23,4,5,5.4
8898,Студент 8898,ББМО-01-23,3,4,3.8
8901,Студент 8901,ББМО-01-23,4,5,4.8
8902,Студент 8902,ББМО-01-23,3,4,4.1
8905,Студент 8905,ББМО-01-23,4,5,5.1
8906,Студент 8906,ББМО-01-23,3,4,4.4
8909,Студент 8909,ББМО-01-23,4,5,5.4
8910,Студент 8910,ББМО-01-23,3,4,3.8
8913,Студент 8913,ББМО-01-23,4,5,4.8
8914,Студент 8914,ББМО-01-23,3,4,4.1
8917,Студент 8917,ББМО-01-23,4,5,5.1
8918,Студент 8918,ББМО-01-23,3,4,4.4
8921,Студент 8921,ББМО-01-23,4,5,5.4
8922,Студент 8922,ББМО-01-23,3,4,3.8
8925,Студент 8925,ББМО-01-23,4,5,4.8
8926,Студент 8926,ББМО-01-23,3,4,4.1
8929,Студент 8929,ББМО-01-23,4,5,5.1
8930,Студент 8930,ББМО-01-23,3,4,4.4
8933,Студент 8933,ББМО-01-23,4,5,5.4
8934,Студент 8934,ББМО-01-23,3,4,3.8
8937,Студент 8937,ББМО-01-23,4,5,4.8
8938,Студент 8938,ББМО-01-23,3,4,4.1
8941,Студент 8941,ББМО-01-23,4,5,5.1
8942,Студент 8942,ББМО-01-23,3,4,4.4
8945,Студент 8945,ББМО-01-23,4,5,5.4
8946,Студент 8946,ББМО-01-23,3,4,3.8
8949,Студент 8949,ББМО-01-23,4,5,4.8
8950,Студент 8950,ББМО-01-23,3,4,4.1
8953,Студент 8953,ББМО-01-23,4,5,5.1
8954,Студент 8954,ББМО-01-23,3,4,4.4
8957,Студент 8957,ББМО-01-23,4,5,5.4
8958,Студент 8958,ББМО-01-23,3,4,3.8
8961,Студент 8961,ББМО-01-23,4,5,4.8
8962,Студент 8962,ББМО-01-23,3,4,4.1
8965,Студент 8965,ББМО-01-23,4,5,5.1
8966,Студент 8966,ББМО-01-23,3,4,4.4
8969,Студент 8969,ББМО-01-23,4,5,5.4
8970,Студент 8970,ББМО-01-23,3,4,3.8
8973,Студент 8973,ББМО-01-23,4,5,4.8
8974,Студент 8974,ББМО-01-23,3,4,4.1
8977,Студент 8977,ББМО-01-23,4,5,5.1
8978,Студент 8978,ББМО-01-23,3,4,4.4
8981,Студент 8981,ББМО-01-23,4,5,5.4
8982,Студент 8982,ББМО-01-23,3,4,3.8
8985,Студент 8985,ББМО-01-23,4,5,4.8
8986,Студент 8986,ББМО-01-23,3,4,4.1
8989,Студент 8989,ББМО-01-23,4,5,5.1
8990,Студент 8990,ББМО-01-23,3,4,4.4
8993,Студент 8993,ББМО-01-23,4,5,5.4
8994,Студент 8994,ББМО-01-23,3,4,3.8
8997,Студент 8997,ББМО-01-23,4,5,4.8
8998,Студент 8998,ББМО-01-23,3,4,4.1
9001,Студент 9001,ББМО-01-23,4,5,5.1
9002,Студент 9002,ББМО-01-23,3,4,4.4
9005,Студент 9005,ББМО-01-23,4,5,5.4
9006,Студент 9006,ББМО-01-23,3,4,3.8
9009,Студент 9009,ББМО-01-23,4,5,4.8
9010,Студент 9010,ББМО-01-23,3,4,4.1
9013,Студент 9013,ББМО-01-23,4,5,5.1
9014,Студент 9014,ББМО-01-23,3,4,4.4
9017,Студент 9017,ББМО-01-23,4,5,5.4
9018,Студент 9018,ББМО-01-23,3,4,3.8
9021,Студент 9021,ББМО-01-23,4,5,4.8
9022,Студент 9022,ББМО-01-23,3,4,4.1
9025,Студент 9025,ББМО-01-23,4,5,5.1
9026,Студент 9026,ББМО-01-23,3,4,4.4
9029,Студент 9029,ББМО-01-23,4,5,5.4
9030,Студент 9030,ББМО-01-23,3,4,3.8
9033,Студент 9033,ББМО-01-23,4,5,4.8
9034,Студент 9034,ББМО-01-23,3,4,4.1
9037,Студент 9037,ББМО-01-23,4,5,5.1
9038,Студент 9038,ББМО-01-23,3,4,4.4
9041,Студент 9041,ББМО-01-23,4,5,5.4
9042,Студент 9042,ББМО-01-23,3,4,3.8
9045,Студент 9045,ББМО-01-23,4,5,4.8
9046,Студент 9046,ББМО-01-23,3,4,4.1
9049,Студент 9049,ББМО-01-23,4,5,5.1
9050,Студент 9050,ББМО-01-23,3,4,4.4
9053,Студент 9053,ББМО-01-23,4,5,5.4
9054,Студент 9054,ББМО-01-23,3,4,3.8
9057,Студент 9057,ББМО-01-23,4,5,4.8
9058,Студент 9058,ББМО-01-23,3,4,4.1
9061,Студент 9061,ББМО-01-23,4,5,5.1
9062,Студент 9062,ББМО-01-23,3,4,4.4
9065,Студент 9065,ББМО-01-23,4,5,5.4
9066,Студент 9066,ББМО-01-23,3,4,3.8
9069,Студент 9069,ББМО-01-23,4,5,4.8
9070,Студент 9070,ББМО-01-23,3,4,4.1
9073,Студент 9073,ББМО-01-23,4,5,5.1
9074,Студент 9074,ББМО-01-23,3,4,4.4
9077,Студент 9077,ББМО-01-23,4,5,5.4
9078,Студент 9078,ББМО-01-23,3,4,3.8
9081,Студент 9081,ББМО-01-23,4,5,4.8
9082,Студент 9082,ББМО-01-23,3,4,4.1
9085,Студент 9085,ББМО-01-23,4,5,5.1
9086,Студент 9086,ББМО-01-23,3,4,4.4
9089,Студент 9089,ББМО-01-23,4,5,5.4
9090,Студент 9090,ББМО-01-23,3,4,3.8
9093,Студент 9093,ББМО-01-23,4,5,4.8
9094,Студент 9094,ББМО-01-23,3,4,4.1
9097,Студент 9097,ББМО-01-23,4,5,5.1
9098,Студент 9098,ББМО-01-23,3,4,4.4
9101,Студент 9101,ББМО-01-23,4,5,5.4
9102,Студент 9102,ББМО-01-23,3,4,3.8
9105,Студент 9105,ББМО-01-23,4,5,4.8
9106,Студент 9106,ББМО-01-23,3,4,4.1
9109,Студент 9109,ББМО-01-23,4,5,5.1
9110,Студент 9110,ББМО-01-23,3,4,4.4
9113,Студент 9113,ББМО-01-23,4,5,5.4
9114,Студент 9114,ББМО-01-23,3,4,3.8
9117,Студент 9117,ББМО-01-23,4,5,4.8
9118,Студент 9118,ББМО-01-23,3,4,4.1
9121,Студент 9121,ББМО-01-23,4,5,5.1
9122,Студент 9122,ББМО-01-23,3,4,4.4
9125,Студент 9125,ББМО-01-23,4,5,5.4
9126,Студент 9126,ББМО-01-23,3,4,3.8
9129,Студент 9129,ББМО-01-23,4,5,4.8
9130,Студент 9130,ББМО-01-23,3,4,4.1
9133,Студент 9133,ББМО-01-23,4,5,5.1
9134,Студент 9134,ББМО-01-23,3,4,4.4
9137,Студент 9137,ББМО-01-23,4,5,5.4
9138,Студент 9138,ББМО-01-23,3,4,3.8
9141,Студент 9141,ББМО-01-23,4,5,4.8
9142,Студент 9142,ББМО-01-23,3,4,4.1
9145,Студент 9145,ББМО-01-23,4,5,5.1
9146,Студент 9146,ББМО-01-23,3,4,4.4
9149,Студент 9149,ББМО-01-23,4,5,5.4
9150,Студент 9150,ББМО-01-23,3,4,3.8
9153,Студент 9153,ББМО-01-23,4,5,4.8
9154,Студент 9154,ББМО-01-23,3,4,4.1
9157,Студент 9157,ББМО-01-23,4,5,5.1
9158,Студент 9158,ББМО-01-23,3,4,4.4
9161,Студент 9161,ББМО-01-23,4,5,5.4
9162,Студент 9162,ББМО-01-23,3,4,3.8
9165,Студент 9165,ББМО-01-23,4,5,4.8
9166,Студент 9166,ББМО-01-23,3,4,4.1
9169,Студент 9169,ББМО-01-23,4,5,5.1
9170,Студент 9170,ББМО-01-23,3,4,4.4
9173,Студент 9173,ББМО-01-23,4,5,5.4
9174,Студент 9174,ББМО-01-23,3,4,3.8
9177,Студент 9177,ББМО-01-23,4,5,4.8
9178,Студент 9178,ББМО-01-23,3,4,4.1
9181,Студент 9181,ББМО-01-23,4,5,5.1
9182,Студент 9182,ББМО-01-23,3,4,4.4
9185,Студент 9185,ББМО-01-23,4,5,5.4
9186,Студент 9186,ББМО-01-23,3,4,3.8
9189,Студент 9189,ББМО-01-23,4,5,4.8
9190,Студент 9190,ББМО-01-23,3,4,4.1
9193,Студент 9193,ББМО-01-23,4,5,5.1
9194,Студент 9194,ББМО-01-23,3,4,4.4
9197,Студент 9197,ББМО-01-23,4,5,5.4
9198,Студент 9198,ББМО-01-23,3,4,3.8
9201,Студент 9201,ББМО-01-23,4,5,4.8
9202,Студент 9202,ББМО-01-23,3,4,4.1
9205,Студент 9205,ББМО-01-23,4,5,5.1
9206,Студент 9206,ББМО-01-23,3,4,4.4
9209,Студент 9209,ББМО-01-23,4,5,5.4
9210,Студент 9210,ББМО-01-23,3,4,3.8
9213,Студент 9213,ББМО-01-23,4,5,4.8
9214,Студент 9214,ББМО-01-23,3,4,4.1
9217,Студент 9217,ББМО-01-23,4,5,5.1
9218,Студент 9218,ББМО-01-23,3,4,4.4
9221,Студент 9221,ББМО-01-23,4,5,5.4
9222,Студент 9222,ББМО-01-23,3,4,3.8
9225,Студент 9225,ББМО-01-23,4,5,4.8
9226,Студент 9226,ББМО-01-23,3,4,4.1
9229,Студент 9229,ББМО-01-23,4,5,5.1
9230,Студент 9230,ББМО-01-23,3,4,4.4
9233,Студент 9233,ББМО-01-23,4,5,5.4
9234,Студент 9234,ББМО-01-23,3,4,3.8
9237,Студент 9237,ББМО-01-23,4,5,4.8
9238,Студент 9238,ББМО-01-23,3,4,4.1
9241,Студент 9241,ББМО-01-23,4,5,5.1
9242,Студент 9242,ББМО-01-23,3,4,4.4
9245,Студент 9245,ББМО-01-23,4,5,5.4
9246,Студент 9246,ББМО-01-23,3,4,3.8
9249,Студент 9249,ББМО-01-23,4,5,4.8
9250,Студент 9250,ББМО-01-23,3,4,4.1
9253,Студент 9253,ББМО-01-23,4,5,5.1
9254,Студент 9254,ББМО-01-23,3,4,4.4
9257,Студент 9257,ББМО-01-23,4,5,5.4
9258,Студент 9258,ББМО-01-23,3,4,3.8
9261,Студент 9261,ББМО-01-23,4,5,4.8
9262,Студент 9262,ББМО-01-23,3,4,4.1
9265,Студент 9265,ББМО-01-23,4,5,5.1
9266,Студент 9266,ББМО-01-23,3,4,4.4
9269,Студент 9269,ББМО-01-23,4,5,5.4
9270,Студент 9270,ББМО-01-23,3,4,3.8
9273,Студент 9273,ББМО-01-23,4,5,4.8
9274,Студент 9274,ББМО-01-23,3,4,4.1
9277,Студент 9277,ББМО-01-23,4,5,5.1
9278,Студент 9278,ББМО-01-23,3,4,4.4
9281,Студент 9281,ББМО-01-23,4,5,5.4
9282,Студент 9282,ББМО-01-23,3,4,3.8
9285,Студент 9285,ББМО-01-23,4,5,4.8
9286,Студент 9286,ББМО-01-23,3,4,4.1
9289,Студент 9289,ББМО-01-23,4,5,5.1
9290,Студент 9290,ББМО-01-23,3,4,4.4
9293,Студент 9293,ББМО-01-23,4,5,5.4
9294,Студент 9294,ББМО-01-23,3,4,3.8
9297,Студент 9297,ББМО-01-23,4,5,4.8
9298,Студент 9298,ББМО-01-23,3,4,4.1
9301,Студент 9301,ББМО-01-23,4,5,5.1
9302,Студент 9302,ББМО-01-23,3,4,4.4
9305,Студент 9305,ББМО-01-23,4,5,5.4
9306,Студент 9306,ББМО-01-23,3,4,3.8
9309,Студент 9309,ББМО-01-23,4,5,4.8
9310,Студент 9310,ББМО-01-23,3,4,4.1
9313,Студент 9313,ББМО-01-23,4,5,5.1
9314,Студент 9314,ББМО-01-23,3,4,4.4
9317,Студент 9317,ББМО-01-23,4,5,5.4
9318,Студент 9318,ББМО-01-23,3,4,3.8
9321,Студент 9321,ББМО-01-23,4,5,4.8
9322,Студент 9322,ББМО-01-23,3,4,4.1
9325,Студент 9325,ББМО-01-23,4,5,5.1
9326,Студент 9326,ББМО-01-23,3,4,4.4
9329,Студент 9329,ББМО-01-23,4,5,5.4
9330,Студент 9330,ББМО-01-23,3,4,3.8
9333,Студент 9333,ББМО-01-23,4,5,4.8
9334,Студент 9334,ББМО-01-23,3,4,4.1
9337,Студент 9337,ББМО-01-23,4,5,5.1
9338,Студент 9338,ББМО-01-23,3,4,4.4
9341,Студент 9341,ББМО-01-23,4,5,5.4
9342,Студент 9342,ББМО-01-23,3,4,3.8
9345,Студент 9345,ББМО-01-23,4,5,4.8
9346,Студент 9346,ББМО-01-23,3,4,4.1
9349,Студент 9349,ББМО-01-23,4,5,5.1
9350,Студент 9350,ББМО-01-23,3,4,4.4
9353,Студент 9353,ББМО-01-23,4,5,5.4
9354,Студент 9354,ББМО-01-23,3,4,3.8
9357,Студент 9357,ББМО-01-23,4,5,4.8
9358,Студент 9358,ББМО-01-23,3,4,4.1
9361,Студент 9361,ББМО-01-23,4,5,5.1
9362,Студент 9362,ББМО-01-23,3,4,4.4
9365,Студент 9365,ББМО-01-23,4,5,5.4
9366,Студент 9366,ББМО-01-23,3,4,3.8
9369,Студент 9369,ББМО-01-23,4,5,4.8
9370,Студент 9370,ББМО-01-23,3,4,4.1
9373,Студент 9373,ББМО-01-23,4,5,5.1
9374,Студент 9374,ББМО-01-23,3,4,4.4
9377,Студент 9377,ББМО-01-23,4,5,5.4
9378,Студент 9378,ББМО-01-23,3,4,3.8
9381,Студент 9381,ББМО-01-23,4,5,4.8
9382,Студент 9382,ББМО-01-23,3,4,4.1
9385,Студент 9385,ББМО-01-23,4,5,5.1
9386,Студент 9386,ББМО-01-23,3,4,4.4
9389,Студент 9389,ББМО-01-23,4,5,5.4
9390,Студент 9390,ББМО-01-23,3,4,3.8
9393,Студент 9393,ББМО-01-23,4,5,4.8
9394,Студент 9394,ББМО-01-23,3,4,4.1
9397,Студент 9397,ББМО-01-23,4,5,5.1
9398,Студент 9398,ББМО-01-23,3,4,4.4
9401,Студент 9401,ББМО-01-23,4,5,5.4
9402,Студент 9402,ББМО-01-23,3,4,3.8
9405,Студент 9405,ББМО-01-23,4,5,4.8
9406,Студент 9406,ББМО-01-23,3,4,4.1
9409,Студент 9409,ББМО-01-23,4,5,5.1
9410,Студент 9410,ББМО-01-23,3,4,4.4
9413,Студент 9413,ББМО-01-23,4,5,5.4
9414,Студент 9414,ББМО-01-23,3,4,3.8
9417,Студент 9417,ББМО-01-23,4,5,4.8
9418,Студент 9418,ББМО-01-23,3,4,4.1
9421,Студент 9421,ББМО-01-23,4,5,5.1
9422,Студент 9422,ББМО-01-23,3,4,4.4
9425,Студент 9425,ББМО-01-23,4,5,5.4
9426,Студент 9426,ББМО-01-23,3,4,3.8
9429,Студент 9429,ББМО-01-23,4,5,4.8
9430,Студент 9430,ББМО-01-23,3,4,4.1
9433,Студент 9433,ББМО-01-23,4,5,5.1
9434,Студент 9434,ББМО-01-23,3,4,4.4
9437,Студент 9437,ББМО-01-23,4,5,5.4
9438,Студент 9438,ББМО-01-23,3,4,3.8
9441,Студент 9441,ББМО-01-23,4,5,4.8
9442,Студент 9442,ББМО-01-23,3,4,4.1
9445,Студент 9445,ББМО-01-23,4,5,5.1
9446,Студент 9446,ББМО-01-23,3,4,4.4
9449,Студент 9449,ББМО-01-23,4,5,5.4
9450,Студент 9450,ББМО-01-23,3,4,3.8
9453,Студент 9453,ББМО-01-23,4,5,4.8
9454,Студент 9454,ББМО-01-23,3,4,4.1
9457,Студент 9457,ББМО-01-23,4,5,5.1
9458,Студент 9458,ББМО-01-23,3,4,4.4
9461,Студент 9461,ББМО-01-23,4,5,5.4
9462,Студент 9462,ББМО-01-23,3,4,3.8
9465,Студент 9465,ББМО-01-23,4,5,4.8
9466,Студент 9466,ББМО-01-23,3,4,4.1
9469,Студент 9469,ББМО-01-23,4,5,5.1
9470,Студент 9470,ББМО-01-23,3,4,4.4
9473,Студент 9473,ББМО-01-23,4,5,5.4
9474,Студент 9474,ББМО-01-23,3,4,3.8
9477,Студент 9477,ББМО-01-23,4,5,4.8
9478,Студент 9478,ББМО-01-23,3,4,4.1
9481,Студент 9481,ББМО-01-23,4,5,5.1
9482,Студент 9482,ББМО-01-23,3,4,4.4
9485,Студент 9485,ББМО-01-23,4,5,5.4
9486,Студент 9486,ББМО-01-23,3,4,3.8
9489,Студент 9489,ББМО-01-23,4,5,4.8
9490,Студент 9490,ББМО-01-23,3,4,4.1
9493,Студент 9493,ББМО-01-23,4,5,5.1
9494,Студент 9494,ББМО-01-23,3,4,4.4
9497,Студент 9497,ББМО-01-23,4,5,5.4
9498,Студент 9498,ББМО-01-23,3,4,3.8
9501,Студент 9501,ББМО-01-23,4,5,4.8
9502,Студент 9502,ББМО-01-23,3,4,4.1
9505,Студент 9505,ББМО-01-23,4,5,5.1
9506,Студент 9506,ББМО-01-23,3,4,4.4
9509,Студент 9509,ББМО-01-23,4,5,5.4
9510,Студент 9510,ББМО-01-23,3,4,3.8
9513,Студент 9513,ББМО-01-23,4,5,4.8
9514,Студент 9514,ББМО-01-23,3,4,4.1
9517,Студент 9517,ББМО-01-23,4,5,5.1
9518,Студент 9518,ББМО-01-23,3,4,4.4
9521,Студент 9521,ББМО-01-23,4,5,5.4
9522,Студент 9522,ББМО-01-23,3,4,3.8
9525,Студент 9525,ББМО-01-23,4,5,4.8
9526,Студент 9526,ББМО-01-23,3,4,4.1
9529,Студент 9529,ББМО-01-23,4,5,5.1
9530,Студент 9530,ББМО-01-23,3,4,4.4
9533,Студент 9533,ББМО-01-23,4,5,5.4
9534,Студент 9534,ББМО-01-23,3,4,3.8
9537,Студент 9537,ББМО-01-23,4,5,4.8
9538,Студент 9538,ББМО-01-23,3,4,4.1
9541,Студент 9541,ББМО-01-23,4,5,5.1
9542,Студент 9542,ББМО-01-23,3,4,4.4
9545,Студент 9545,ББМО-01-23,4,5,5.4
9546,Студент 9546,ББМО-01-23,3,4,3.8
9549,Студент 9549,ББМО-01-23,4,5,4.8
9550,Студент 9550,ББМО-01-23,3,4,4.1
9553,Студент 9553,ББМО-01-23,4,5,5.1
9554,Студент 9554,ББМО-01-23,3,4,4.4
9557,Студент 9557,ББМО-01-23,4,5,5.4
9558,Студент 9558,ББМО-01-23,3,4,3.8
9561,Студент 9561,ББМО-01-23,4,5,4.8
9562,Студент 9562,ББМО-01-23,3,4,4.1
9565,Студент 9565,ББМО-01-23,4,5,5.1
9566,Студент 9566,ББМО-01-23,3,4,4.4
9569,Студент 9569,ББМО-01-23,4,5,5.4
9570,Студент 9570,ББМО-01-23,3,4,3.8
9573,Студент 9573,ББМО-01-23,4,5,4.8
9574,Студент 9574,ББМО-01-23,3,4,4.1
9577,Студент 9577,ББМО-01-23,4,5,5.1
9578,Студент 9578,ББМО-01-23,3,4,4.4
9581,Студент 9581,ББМО-01-23,4,5,5.4
9582,Студент 9582,ББМО-01-23,3,4,3.8
9585,Студент 9585,ББМО-01-23,4,5,4.8
9586,Студент 9586,ББМО-01-23,3,4,4.1
9589,Студент 9589,ББМО-01-23,4,5,5.1
9590,Студент 9590,ББМО-01-23,3,4,4.4
9593,Студент 9593,ББМО-01-23,4,5,5.4
9594,Студент 9594,ББМО-01-23,3,4,3.8
9597,Студент 9597,ББМО-01-23,4,5,4.8
9598,Студент 9598,ББМО-01-23,3,4,4.1
9601,Студент 9601,ББМО-01-23,4,5,5.1
9602,Студент 9602,ББМО-01-23,3,4,4.4
9605,Студент 9605,ББМО-01-23,4,5,5.4
9606,Студент 9606,ББМО-01-23,3,4,3.8
9609,Студент 9609,ББМО-01-23,4,5,4.8
9610,Студент 9610,ББМО-01-23,3,4,4.1
9613,Студент 9613,ББМО-01-23,4,5,5.1
9614,Студент 9614,ББМО-01-23,3,4,4.4
9617,Студент 9617,ББМО-01-23,4,5,5.4
9618,Студент 9618,ББМО-01-23,3,4,3.8
9621,Студент 9621,ББМО-01-23,4,5,4.8
9622,Студент 9622,ББМО-01-23,3,4,4.1
9625,Студент 9625,ББМО-01-23,4,5,5.1
9626,Студент 9626,ББМО-01-23,3,4,4.4
9629,Студент 9629,ББМО-01-23,4,5,5.4
9630,Студент 9630,ББМО-01-23,3,4,3.8
9633,Студент 9633,ББМО-01-23,4,5,4.8
9634,Студент 9634,ББМО-01-23,3,4,4.1
9637,Студент 9637,ББМО-01-23,4,5,5.1
9638,Студент 9638,ББМО-01-23,3,4,4.4
9641,Студент 9641,ББМО-01-23,4,5,5.4
9642,Студент 9642,ББМО-01-23,3,4,3.8
9645,Студент 9645,ББМО-01-23,4,5,4.8
9646,Студент 9646,ББМО-01-23,3,4,4.1
9649,Студент 9649,ББМО-01-23,4,5,5.1
9650,Студент 9650,ББМО-01-23,3,4,4.4
9653,Студент 9653,ББМО-01-23,4,5,5.4
9654,Студент 9654,ББМО-01-23,3,4,3.8
9657,Студент 9657,ББМО-01-23,4,5,4.8
9658,Студент 9658,ББМО-01-23,3,4,4.1
9661,Студент 9661,ББМО-01-23,4,5,5.1
9662,Студент 9662,ББМО-01-23,3,4,4.4
9665,Студент 9665,ББМО-01-23,4,5,5.4
9666,Студент 9666,ББМО-01-23,3,4,3.8
9669,Студент 9669,ББМО-01-23,4,5,4.8
9670,Студент 9670,ББМО-01-23,3,4,4.1
9673,Студент 9673,ББМО-01-23,4,5,5.1
9674,Студент 9674,ББМО-01-23,3,4,4.4
9677,Студент 9677,ББМО-01-23,4,5,5.4
9678,Студент 9678,ББМО-01-23,3,4,3.8
9681,Студент 9681,ББМО-01-23,4,5,4.8
9682,Студент 9682,ББМО-01-23,3,4,4.1
9685,Студент 9685,ББМО-01-23,4,5,5.1
9686,Студент 9686,ББМО-01-23,3,4,4.4
9689,Студент 9689,ББМО-01-23,4,5,5.4
9690,Студент 9690,ББМО-01-23,3,4,3.8
9693,Студент 9693,ББМО-01-23,4,5,4.8
9694,Студент 9694,ББМО-01-23,3,4,4.1
9697,Студент 9697,ББМО-01-23,4,5,5.1
9698,Студент 9698,ББМО-01-23,3,4,4.4
9701,Студент 9701,ББМО-01-23,4,5,5.4
9702,Студент 9702,ББМО-01-23,3,4,3.8
9705,Студент 9705,ББМО-01-23,4,5,4.8
9706,Студент 9706,ББМО-01-23,3,4,4.1
9709,Студент 9709,ББМО-01-23,4,5,5.1
9710,Студент 9710,ББМО-01-23,3,4,4.4
9713,Студент 9713,ББМО-01-23,4,5,5.4
9714,Студент 9714,ББМО-01-23,3,4,3.8
9717,Студент 9717,ББМО-01-23,4,5,4.8
9718,Студент 9718,ББМО-01-23,3,4,4.1
9721,Студент 9721,ББМО-01-23,4,5,5.1
9722,Студент 9722,ББМО-01-23,3,4,4.4
9725,Студент 9725,ББМО-01-23,4,5,5.4
9726,Студент 9726,ББМО-01-23,3,4,3.8
9729,Студент 9729,ББМО-01-23,4,5,4.8
9730,Студент 9730,ББМО-01-23,3,4,4.1
9733,Студент 9733,ББМО-01-23,4,5,5.1
9734,Студент 9734,ББМО-01-23,3,4,4.4
9737,Студент 9737,ББМО-01-23,4,5,5.4
9738,Студент 9738,ББМО-01-23,3,4,3.8
9741,Студент 9741,ББМО-01-23,4,5,4.8
9742,Студент 9742,ББМО-01-23,3,4,4.1
9745,Студент 9745,ББМО-01-23,4,5,5.1
9746,Студент 9746,ББМО-01-23,3,4,4.4
9749,Студент 9749,ББМО-01-23,4,5,5.4
9750,Студент 9750,ББМО-01-23,3,4,3.8
9753,Студент 9753,ББМО-01-23,4,5,4.8
9754,Студент 9754,ББМО-01-23,3,4,4.1
9757,Студент 9757,ББМО-01-23,4,5,5.1
9758,Студент 9758,ББМО-01-23,3,4,4.4
9761,Студент 9761,ББМО-01-23,4,5,5.4
9762,Студент 9762,ББМО-01-23,3,4,3.8
9765,Студент 9765,ББМО-01-23,4,5,4.8
9766,Студент 9766,ББМО-01-23,3,4,4.1
9769,Студент 9769,ББМО-01-23,4,5,5.1
9770,Студент 9770,ББМО-01-23,3,4,4.4
9773,Студент 9773,ББМО-01-23,4,5,5.4
9774,Студент 9774,ББМО-01-23,3,4,3.8
9777,Студент 9777,ББМО-01-23,4,5,4.8
9778,Студент 9778,ББМО-01-23,3,4,4.1
9781,Студент 9781,ББМО-01-23,4,5,5.1
9782,Студент 9782,ББМО-01-23,3,4,4.4
9785,Студент 9785,ББМО-01-23,4,5,5.4
9786,Студент 9786,ББМО-01-23,3,4,3.8
9789,Студент 9789,ББМО-01-23,4,5,4.8
9790,Студент 9790,ББМО-01-23,3,4,4.1
9793,Студент 9793,ББМО-01-23,4,5,5.1
9794,Студент 9794,ББМО-01-23,3,4,4.4
9797,Студент 9797,ББМО-01-23,4,5,5.4
9798,Студент 9798,ББМО-01-23,3,4,3.8
9801,Студент 9801,ББМО-01-23,4,5,4.8
9802,Студент 9802,ББМО-01-23,3,4,4.1
9805,Студент 9805,ББМО-01-23,4,5,5.1
9806,Студент 9806,ББМО-01-23,3,4,4.4
9809,Студент 9809,ББМО-01-23,4,5,5.4
9810,Студент 9810,ББМО-01-23,3,4,3.8
9813,Студент 9813,ББМО-01-23,4,5,4.8
9814,Студент 9814,ББМО-01-23,3,4,4.1
9817,Студент 9817,ББМО-01-23,4,5,5.1
9818,Студент 9818,ББМО-01-23,3,4,4.4
9821,Студент 9821,ББМО-01-23,4,5,5.4
9822,Студент 9822,ББМО-01-23,3,4,3.8
9825,Студент 9825,ББМО-01-23,4,5,4.8
9826,Студент 9826,ББМО-01-23,3,4,4.1
9829,Студент 9829,ББМО-01-23,4,5,5.1
9830,Студент 9830,ББМО-01-23,3,4,4.4
9833,Студент 9833,ББМО-01-23,4,5,5.4
9834,Студент 9834,ББМО-01-23,3,4,3.8
9837,Студент 9837,ББМО-01-23,4,5,4.8
9838,Студент 9838,ББМО-01-23,3,4,4.1
9841,Студент 9841,ББМО-01-23,4,5,5.1
9842,Студент 9842,ББМО-01-23,3,4,4.4
9845,Студент 9845,ББМО-01-23,4,5,5.4
9846,Студент 9846,ББМО-01-23,3,4,3.8
9849,Студент 9849,ББМО-01-23,4,5,4.8
9850,Студент 9850,ББМО-01-23,3,4,4.1
9853,Студент 9853,ББМО-01-23,4,5,5.1
9854,Студент 9854,ББМО-01-23,3,4,4.4
9857,Студент 9857,ББМО-01-23,4,5,5.4
9858,Студент 9858,ББМО-01-23,3,4,3.8
9861,Студент 9861,ББМО-01-23,4,5,4.8
9862,Студент 9862,ББМО-01-23,3,4,4.1
9865,Студент 9865,ББМО-01-23,4,5,5.1
9866,Студент 9866,ББМО-01-23,3,4,4.4
9869,Студент 9869,ББМО-01-23,4,5,5.4
9870,Студент 9870,ББМО-01-23,3,4,3.8
9873,Студент 9873,ББМО-01-23,4,5,4.8
9874,Студент 9874,ББМО-01-23,3,4,4.1
9877,Студент 9877,ББМО-01-23,4,5,5.1
9878,Студент 9878,ББМО-01-23,3,4,4.4
9881,Студент 9881,ББМО-01-23,4,5,5.4
9882,Студент 9882,ББМО-01-23,3,4,3.8
9885,Студент 9885,ББМО-01-23,4,5,4.8
9886,Студент 9886,ББМО-01-23,3,4,4.1
9889,Студент 9889,ББМО-01-23,4,5,5.1
9890,Студент 9890,ББМО-01-23,3,4,4.4
9893,Студент 9893,ББМО-01-23,4,5,5.4
9894,Студент 9894,ББМО-01-23,3,4,3.8
9897,Студент 9897,ББМО-01-23,4,5,4.8
9898,Студент 9898,ББМО-01-23,3,4,4.1
9901,Студент 9901,ББМО-01-23,4,5,5.1
9902,Студент 9902,ББМО-01-23,3,4,4.4
9905,Студент 9905,ББМО-01-23,4,5,5.4
9906,Студент 9906,ББМО-01-23,3,4,3.8
9909,Студент 9909,ББМО-01-23,4,5,4.8
9910,Студент 9910,ББМО-01-23,3,4,4.1
9913,Студент 9913,ББМО-01-23,4,5,5.1
9914,Студент 9914,ББМО-01-23,3,4,4.4
9917,Студент 9917,ББМО-01-23,4,5,5.4
9918,Студент 9918,ББМО-01-23,3,4,3.8
9921,Студент 9921,ББМО-01-23,4,5,4.8
9922,Студент 9922,ББМО-01-23,3,4,4.1
9925,Студент 9925,ББМО-01-23,4,5,5.1
9926,Студент 9926,ББМО-01-23,3,4,4.4
9929,Студент 9929,ББМО-01-23,4,5,5.4
9930,Студент 9930,ББМО-01-23,3,4,3.8
9933,Студент 9933,ББМО-01-23,4,5,4.8
9934,Студент 9934,ББМО-01-23,3,4,4.1
9937,Студент 9937,ББМО-01-23,4,5,5.1
9938,Студент 9938,ББМО-01-23,3,4,4.4
9941,Студент 9941,ББМО-01-23,4,5,5.4
9942,Студент 9942,ББМО-01-23,3,4,3.8
9945,Студент 9945,ББМО-01-23,4,5,4.8
9946,Студент 9946,ББМО-01-23,3,4,4.1
9949,Студент 9949,ББМО-01-23,4,5,5.1
9950,Студент 9950,ББМО-01-23,3,4,4.4
9953,Студент 9953,ББМО-01-23,4,5,5.4
9954,Студент 9954,ББМО-01-23,3,4,3.8
9957,Студент 9957,ББМО-01-23,4,5,4.8
9958,Студент 9958,ББМО-01-23,3,4,4.1
9961,Студент 9961,ББМО-01-23,4,5,5.1
9962,Студент 9962,ББМО-01-23,3,4,4.4
9965,Студент 9965,ББМО-01-23,4,5,5.4
9966,Студент 9966,ББМО-01-23,3,4,3.8
9969,Студент 9969,ББМО-01-23,4,5,4.8
9970,Студент 9970,ББМО-01-23,3,4,4.1
9973,Студент 9973,ББМО-01-23,4,5,5.1
9974,Студент 9974,ББМО-01-23,3,4,4.4
9977,Студент 9977,ББМО-01-23,4,5,5.4
9978,Студент 9978,ББМО-01-23,3,4,3.8
9981,Студент 9981,ББМО-01-23,4,5,4.8
9982,Студент 9982,ББМО-01-23,3,4,4.1
9985,Студент 9985,ББМО-01-23,4,5,5.1
9986,Студент 9986,ББМО-01-23,3,4,4.4
9989,Студент 9989,ББМО-01-23,4,5,5.4
9990,Студент 9990,ББМО-01-23,3,4,3.8
9993,Студент 9993,ББМО-01-23,4,5,4.8
9994,Студент 9994,ББМО-01-23,3,4,4.1
9997,Студент 9997,ББМО-01-23,4,5,5.1
9998,Студент 9998,ББМО-01-23,3,4,4.4
